variable_name,label,pair_id,A_region,B_region,A_motivation,B_motivation,A_education,B_education,A_employer,B_employer,A_gender,B_gender,A_age,B_age,A_occupation,B_occupation,A_language,B_language,A_politics,B_politics,A_appearance,B_appearance
CJ1,R3M2Ed3Em1G1A8O4L2P1Ap1 / R3M2Ed1Em2G1A8O4L2P1Ap1,1,"Восточная Европа (Беларусь, Молдова, Украина)","Восточная Европа (Беларусь, Молдова, Украина)",Бегство от политических преследований,Бегство от политических преследований,Среднее специальное (колледж),Высшее (университет),Государственная организация,Небольшая частная компания,Женщина,Женщина,62,62,Сфера услуг (общепит),Сфера услуг (общепит),Говорит свободно,Говорит свободно,Страна обычно голосует вместе с Россией в Генассамблее ООН,Страна обычно голосует вместе с Россией в Генассамблее ООН,В повседневной жизни носит обычную повседневную одежду,В повседневной жизни носит обычную повседневную одежду
CJ2,R1M4Ed1Em1G2A4O4L2P2Ap2 / R1M4Ed1Em2G1A2O4L1P1Ap1,2,"Африка (Нигерия, ЮАР, Кения)","Африка (Нигерия, ЮАР, Кения)",Поиск работы,Поиск работы,Высшее (университет),Высшее (университет),Государственная организация,Небольшая частная компания,Мужчина,Женщина,45,22,Сфера услуг (общепит),Сфера услуг (общепит),Говорит свободно,Говорит плохо,Страна обычно голосует вместе с США в Генассамблее ООН,Страна обычно голосует вместе с Россией в Генассамблее ООН,В повседневной жизни носит традиционную национальную одежду,В повседневной жизни носит обычную повседневную одежду
CJ3,R3M1Ed3Em2G2A3O4L2P2Ap1 / R4M4Ed3Em1G2A2O4L2P2Ap1,3,"Восточная Европа (Беларусь, Молдова, Украина)","Западная Европа (Германия, Франция, Италия)",Бегство от вооружённого конфликта,Поиск работы,Среднее специальное (колледж),Среднее специальное (колледж),Небольшая частная компания,Государственная организация,Мужчина,Мужчина,23,22,Сфера услуг (общепит),Сфера услуг (общепит),Говорит свободно,Говорит свободно,Страна обычно голосует вместе с США в Генассамблее ООН,Страна обычно голосует вместе с США в Генассамблее ООН,В повседневной жизни носит обычную повседневную одежду,В повседневной жизни носит обычную повседневную одежду
CJ4,R1M4Ed1Em2G2A6O3L1P2Ap1 / R1M3Ed1Em1G1A6O3L2P3Ap2,4,"Африка (Нигерия, ЮАР, Кения)","Африка (Нигерия, ЮАР, Кения)",Поиск работы,"Воссоединение с супругом(ой), ранее приехавшим(ей) в Россию",Высшее (университет),Высшее (университет),Небольшая частная компания,Государственная организация,Мужчина,Женщина,47,47,Строитель,Строитель,Говорит плохо,Говорит свободно,Страна обычно голосует вместе с США в Генассамблее ООН,Страна помогает России обходить санкции (параллельный экспорт),В повседневной жизни носит обычную повседневную одежду,В повседневной жизни носит традиционную национальную одежду
CJ5,R6M4Ed2Em2G2A7O3L2P4Ap2 / R4M4Ed2Em1G2A7O3L2P4Ap1,5,"Юго-Восточная Европа (Венгрия, Сербия, Болгария)","Западная Европа (Германия, Франция, Италия)",Поиск работы,Поиск работы,Среднее (школа),Среднее (школа),Небольшая частная компания,Государственная организация,Мужчина,Мужчина,61,61,Строитель,Строитель,Говорит свободно,Говорит свободно,Страна присоединилась к санкциям против России,Страна присоединилась к санкциям против России,В повседневной жизни носит традиционную национальную одежду,В повседневной жизни носит обычную повседневную одежду
CJ6,R6M3Ed2Em2G2A7O2L2P4Ap1 / R6M2Ed2Em2G1A3O4L2P4Ap1,6,"Юго-Восточная Европа (Венгрия, Сербия, Болгария)","Юго-Восточная Европа (Венгрия, Сербия, Болгария)","Воссоединение с супругом(ой), ранее приехавшим(ей) в Россию",Бегство от политических преследований,Среднее (школа),Среднее (школа),Небольшая частная компания,Небольшая частная компания,Мужчина,Женщина,61,23,Программист,Сфера услуг (общепит),Говорит свободно,Говорит свободно,Страна присоединилась к санкциям против России,Страна присоединилась к санкциям против России,В повседневной жизни носит обычную повседневную одежду,В повседневной жизни носит обычную повседневную одежду
CJ7,R2M2Ed1Em1G1A2O2L1P4Ap2 / R7M3Ed1Em2G1A8O2L1P4Ap2,7,"Восточная Азия (Китай, Южная Корея, Монголия)","Южный Кавказ (Армения, Азербайджан, Грузия)",Бегство от политических преследований,"Воссоединение с супругом(ой), ранее приехавшим(ей) в Россию",Высшее (университет),Высшее (университет),Государственная организация,Небольшая частная компания,Женщина,Женщина,22,62,Программист,Программист,Говорит плохо,Говорит плохо,Страна присоединилась к санкциям против России,Страна присоединилась к санкциям против России,В повседневной жизни носит традиционную национальную одежду,В повседневной жизни носит традиционную национальную одежду
CJ8,R5M3Ed1Em1G1A3O3L1P3Ap2 / R6M4Ed1Em1G2A3O3L1P4Ap1,8,"Средняя Азия (Узбекистан, Таджикистан, Кыргызстан)","Юго-Восточная Европа (Венгрия, Сербия, Болгария)","Воссоединение с супругом(ой), ранее приехавшим(ей) в Россию",Поиск работы,Высшее (университет),Высшее (университет),Государственная организация,Государственная организация,Женщина,Мужчина,23,23,Строитель,Строитель,Говорит плохо,Говорит плохо,Страна помогает России обходить санкции (параллельный экспорт),Страна присоединилась к санкциям против России,В повседневной жизни носит традиционную национальную одежду,В повседневной жизни носит обычную повседневную одежду
CJ9,R5M3Ed3Em1G2A9O4L1P1Ap1 / R7M3Ed3Em2G1A9O4L2P1Ap1,9,"Средняя Азия (Узбекистан, Таджикистан, Кыргызстан)","Южный Кавказ (Армения, Азербайджан, Грузия)","Воссоединение с супругом(ой), ранее приехавшим(ей) в Россию","Воссоединение с супругом(ой), ранее приехавшим(ей) в Россию",Среднее специальное (колледж),Среднее специальное (колледж),Государственная организация,Небольшая частная компания,Мужчина,Женщина,63,63,Сфера услуг (общепит),Сфера услуг (общепит),Говорит плохо,Говорит свободно,Страна обычно голосует вместе с Россией в Генассамблее ООН,Страна обычно голосует вместе с Россией в Генассамблее ООН,В повседневной жизни носит обычную повседневную одежду,В повседневной жизни носит обычную повседневную одежду
CJ10,R1M2Ed1Em2G1A3O1L1P3Ap1 / R3M2Ed1Em1G2A8O1L1P1Ap2,10,"Африка (Нигерия, ЮАР, Кения)","Восточная Европа (Беларусь, Молдова, Украина)",Бегство от политических преследований,Бегство от политических преследований,Высшее (университет),Высшее (университет),Небольшая частная компания,Государственная организация,Женщина,Мужчина,23,62,Врач,Врач,Говорит плохо,Говорит плохо,Страна помогает России обходить санкции (параллельный экспорт),Страна обычно голосует вместе с Россией в Генассамблее ООН,В повседневной жизни носит обычную повседневную одежду,В повседневной жизни носит традиционную национальную одежду
CJ11,R2M1Ed2Em2G1A1O3L2P3Ap2 / R1M1Ed2Em2G1A1O3L2P3Ap1,11,"Восточная Азия (Китай, Южная Корея, Монголия)","Африка (Нигерия, ЮАР, Кения)",Бегство от вооружённого конфликта,Бегство от вооружённого конфликта,Среднее (школа),Среднее (школа),Небольшая частная компания,Небольшая частная компания,Женщина,Женщина,21,21,Строитель,Строитель,Говорит свободно,Говорит свободно,Страна помогает России обходить санкции (параллельный экспорт),Страна помогает России обходить санкции (параллельный экспорт),В повседневной жизни носит традиционную национальную одежду,В повседневной жизни носит обычную повседневную одежду
CJ12,R5M1Ed2Em2G1A3O2L1P3Ap1 / R7M2Ed3Em2G2A3O4L1P3Ap1,12,"Средняя Азия (Узбекистан, Таджикистан, Кыргызстан)","Южный Кавказ (Армения, Азербайджан, Грузия)",Бегство от вооружённого конфликта,Бегство от политических преследований,Среднее (школа),Среднее специальное (колледж),Небольшая частная компания,Небольшая частная компания,Женщина,Мужчина,23,23,Программист,Сфера услуг (общепит),Говорит плохо,Говорит плохо,Страна помогает России обходить санкции (параллельный экспорт),Страна помогает России обходить санкции (параллельный экспорт),В повседневной жизни носит обычную повседневную одежду,В повседневной жизни носит обычную повседневную одежду
CJ13,R7M1Ed2Em1G1A9O4L1P3Ap1 / R3M3Ed1Em1G2A9O3L1P2Ap2,13,"Южный Кавказ (Армения, Азербайджан, Грузия)","Восточная Европа (Беларусь, Молдова, Украина)",Бегство от вооружённого конфликта,"Воссоединение с супругом(ой), ранее приехавшим(ей) в Россию",Среднее (школа),Высшее (университет),Государственная организация,Государственная организация,Женщина,Мужчина,63,63,Сфера услуг (общепит),Строитель,Говорит плохо,Говорит плохо,Страна помогает России обходить санкции (параллельный экспорт),Страна обычно голосует вместе с США в Генассамблее ООН,В повседневной жизни носит обычную повседневную одежду,В повседневной жизни носит традиционную национальную одежду
CJ14,R7M3Ed2Em2G1A7O2L2P1Ap2 / R7M3Ed1Em2G2A4O2L1P1Ap2,14,"Южный Кавказ (Армения, Азербайджан, Грузия)","Южный Кавказ (Армения, Азербайджан, Грузия)","Воссоединение с супругом(ой), ранее приехавшим(ей) в Россию","Воссоединение с супругом(ой), ранее приехавшим(ей) в Россию",Среднее (школа),Высшее (университет),Небольшая частная компания,Небольшая частная компания,Женщина,Мужчина,61,45,Программист,Программист,Говорит свободно,Говорит плохо,Страна обычно голосует вместе с Россией в Генассамблее ООН,Страна обычно голосует вместе с Россией в Генассамблее ООН,В повседневной жизни носит традиционную национальную одежду,В повседневной жизни носит традиционную национальную одежду
CJ15,R6M1Ed1Em2G2A1O4L2P2Ap2 / R4M4Ed1Em2G1A3O4L2P4Ap2,15,"Юго-Восточная Европа (Венгрия, Сербия, Болгария)","Западная Европа (Германия, Франция, Италия)",Бегство от вооружённого конфликта,Поиск работы,Высшее (университет),Высшее (университет),Небольшая частная компания,Небольшая частная компания,Мужчина,Женщина,21,23,Сфера услуг (общепит),Сфера услуг (общепит),Говорит свободно,Говорит свободно,Страна обычно голосует вместе с США в Генассамблее ООН,Страна присоединилась к санкциям против России,В повседневной жизни носит традиционную национальную одежду,В повседневной жизни носит традиционную национальную одежду
CJ16,R2M4Ed3Em1G2A1O2L2P4Ap2 / R5M3Ed3Em1G2A7O2L2P2Ap2,16,"Восточная Азия (Китай, Южная Корея, Монголия)","Средняя Азия (Узбекистан, Таджикистан, Кыргызстан)",Поиск работы,"Воссоединение с супругом(ой), ранее приехавшим(ей) в Россию",Среднее специальное (колледж),Среднее специальное (колледж),Государственная организация,Государственная организация,Мужчина,Мужчина,21,61,Программист,Программист,Говорит свободно,Говорит свободно,Страна присоединилась к санкциям против России,Страна обычно голосует вместе с США в Генассамблее ООН,В повседневной жизни носит традиционную национальную одежду,В повседневной жизни носит традиционную национальную одежду
CJ17,R2M2Ed3Em2G2A8O4L2P4Ap2 / R3M2Ed3Em1G2A8O4L2P4Ap1,17,"Восточная Азия (Китай, Южная Корея, Монголия)","Восточная Европа (Беларусь, Молдова, Украина)",Бегство от политических преследований,Бегство от политических преследований,Среднее специальное (колледж),Среднее специальное (колледж),Небольшая частная компания,Государственная организация,Мужчина,Мужчина,62,62,Сфера услуг (общепит),Сфера услуг (общепит),Говорит свободно,Говорит свободно,Страна присоединилась к санкциям против России,Страна присоединилась к санкциям против России,В повседневной жизни носит традиционную национальную одежду,В повседневной жизни носит обычную повседневную одежду
CJ18,R2M2Ed3Em1G1A4O3L2P4Ap1 / R5M2Ed1Em1G1A3O1L2P2Ap1,18,"Восточная Азия (Китай, Южная Корея, Монголия)","Средняя Азия (Узбекистан, Таджикистан, Кыргызстан)",Бегство от политических преследований,Бегство от политических преследований,Среднее специальное (колледж),Высшее (университет),Государственная организация,Государственная организация,Женщина,Женщина,45,23,Строитель,Врач,Говорит свободно,Говорит свободно,Страна присоединилась к санкциям против России,Страна обычно голосует вместе с США в Генассамблее ООН,В повседневной жизни носит обычную повседневную одежду,В повседневной жизни носит обычную повседневную одежду
CJ19,R2M1Ed1Em1G2A9O3L2P2Ap1 / R6M1Ed3Em1G1A7O4L1P2Ap1,19,"Восточная Азия (Китай, Южная Корея, Монголия)","Юго-Восточная Европа (Венгрия, Сербия, Болгария)",Бегство от вооружённого конфликта,Бегство от вооружённого конфликта,Высшее (университет),Среднее специальное (колледж),Государственная организация,Государственная организация,Мужчина,Женщина,63,61,Строитель,Сфера услуг (общепит),Говорит свободно,Говорит плохо,Страна обычно голосует вместе с США в Генассамблее ООН,Страна обычно голосует вместе с США в Генассамблее ООН,В повседневной жизни носит обычную повседневную одежду,В повседневной жизни носит обычную повседневную одежду
CJ20,R1M4Ed1Em2G2A4O3L1P2Ap2 / R1M2Ed2Em2G2A2O3L1P4Ap2,20,"Африка (Нигерия, ЮАР, Кения)","Африка (Нигерия, ЮАР, Кения)",Поиск работы,Бегство от политических преследований,Высшее (университет),Среднее (школа),Небольшая частная компания,Небольшая частная компания,Мужчина,Мужчина,45,22,Строитель,Строитель,Говорит плохо,Говорит плохо,Страна обычно голосует вместе с США в Генассамблее ООН,Страна присоединилась к санкциям против России,В повседневной жизни носит традиционную национальную одежду,В повседневной жизни носит традиционную национальную одежду
CJ21,R2M3Ed2Em2G1A6O3L2P2Ap1 / R5M3Ed2Em2G1A4O2L2P3Ap1,21,"Восточная Азия (Китай, Южная Корея, Монголия)","Средняя Азия (Узбекистан, Таджикистан, Кыргызстан)","Воссоединение с супругом(ой), ранее приехавшим(ей) в Россию","Воссоединение с супругом(ой), ранее приехавшим(ей) в Россию",Среднее (школа),Среднее (школа),Небольшая частная компания,Небольшая частная компания,Женщина,Женщина,47,45,Строитель,Программист,Говорит свободно,Говорит свободно,Страна обычно голосует вместе с США в Генассамблее ООН,Страна помогает России обходить санкции (параллельный экспорт),В повседневной жизни носит обычную повседневную одежду,В повседневной жизни носит обычную повседневную одежду
CJ22,R2M1Ed1Em2G2A5O3L2P2Ap1 / R1M2Ed1Em2G2A5O3L1P1Ap1,22,"Восточная Азия (Китай, Южная Корея, Монголия)","Африка (Нигерия, ЮАР, Кения)",Бегство от вооружённого конфликта,Бегство от политических преследований,Высшее (университет),Высшее (университет),Небольшая частная компания,Небольшая частная компания,Мужчина,Мужчина,46,46,Строитель,Строитель,Говорит свободно,Говорит плохо,Страна обычно голосует вместе с США в Генассамблее ООН,Страна обычно голосует вместе с Россией в Генассамблее ООН,В повседневной жизни носит обычную повседневную одежду,В повседневной жизни носит обычную повседневную одежду
CJ23,R1M1Ed2Em1G1A8O3L1P1Ap1 / R3M4Ed2Em2G2A2O3L2P1Ap2,23,"Африка (Нигерия, ЮАР, Кения)","Восточная Европа (Беларусь, Молдова, Украина)",Бегство от вооружённого конфликта,Поиск работы,Среднее (школа),Среднее (школа),Государственная организация,Небольшая частная компания,Женщина,Мужчина,62,22,Строитель,Строитель,Говорит плохо,Говорит свободно,Страна обычно голосует вместе с Россией в Генассамблее ООН,Страна обычно голосует вместе с Россией в Генассамблее ООН,В повседневной жизни носит обычную повседневную одежду,В повседневной жизни носит традиционную национальную одежду
CJ24,R7M4Ed1Em1G1A3O1L1P2Ap2 / R3M4Ed1Em1G2A5O3L1P2Ap2,24,"Южный Кавказ (Армения, Азербайджан, Грузия)","Восточная Европа (Беларусь, Молдова, Украина)",Поиск работы,Поиск работы,Высшее (университет),Высшее (университет),Государственная организация,Государственная организация,Женщина,Мужчина,23,46,Врач,Строитель,Говорит плохо,Говорит плохо,Страна обычно голосует вместе с США в Генассамблее ООН,Страна обычно голосует вместе с США в Генассамблее ООН,В повседневной жизни носит традиционную национальную одежду,В повседневной жизни носит традиционную национальную одежду
CJ25,R7M2Ed3Em2G2A7O4L1P4Ap2 / R7M2Ed3Em2G1A7O4L2P4Ap1,25,"Южный Кавказ (Армения, Азербайджан, Грузия)","Южный Кавказ (Армения, Азербайджан, Грузия)",Бегство от политических преследований,Бегство от политических преследований,Среднее специальное (колледж),Среднее специальное (колледж),Небольшая частная компания,Небольшая частная компания,Мужчина,Женщина,61,61,Сфера услуг (общепит),Сфера услуг (общепит),Говорит плохо,Говорит свободно,Страна присоединилась к санкциям против России,Страна присоединилась к санкциям против России,В повседневной жизни носит традиционную национальную одежду,В повседневной жизни носит обычную повседневную одежду
CJ26,R7M1Ed1Em2G1A3O4L1P4Ap2 / R6M1Ed1Em2G1A1O3L1P4Ap2,26,"Южный Кавказ (Армения, Азербайджан, Грузия)","Юго-Восточная Европа (Венгрия, Сербия, Болгария)",Бегство от вооружённого конфликта,Бегство от вооружённого конфликта,Высшее (университет),Высшее (университет),Небольшая частная компания,Небольшая частная компания,Женщина,Женщина,23,21,Сфера услуг (общепит),Строитель,Говорит плохо,Говорит плохо,Страна присоединилась к санкциям против России,Страна присоединилась к санкциям против России,В повседневной жизни носит традиционную национальную одежду,В повседневной жизни носит традиционную национальную одежду
CJ27,R1M4Ed1Em2G1A2O3L2P2Ap2 / R4M4Ed1Em2G1A9O3L2P2Ap2,27,"Африка (Нигерия, ЮАР, Кения)","Западная Европа (Германия, Франция, Италия)",Поиск работы,Поиск работы,Высшее (университет),Высшее (университет),Небольшая частная компания,Небольшая частная компания,Женщина,Женщина,22,63,Строитель,Строитель,Говорит свободно,Говорит свободно,Страна обычно голосует вместе с США в Генассамблее ООН,Страна обычно голосует вместе с США в Генассамблее ООН,В повседневной жизни носит традиционную национальную одежду,В повседневной жизни носит традиционную национальную одежду
CJ28,R5M4Ed2Em1G2A6O4L2P1Ap2 / R5M4Ed2Em2G1A4O4L1P1Ap1,28,"Средняя Азия (Узбекистан, Таджикистан, Кыргызстан)","Средняя Азия (Узбекистан, Таджикистан, Кыргызстан)",Поиск работы,Поиск работы,Среднее (школа),Среднее (школа),Государственная организация,Небольшая частная компания,Мужчина,Женщина,47,45,Сфера услуг (общепит),Сфера услуг (общепит),Говорит свободно,Говорит плохо,Страна обычно голосует вместе с Россией в Генассамблее ООН,Страна обычно голосует вместе с Россией в Генассамблее ООН,В повседневной жизни носит традиционную национальную одежду,В повседневной жизни носит обычную повседневную одежду
CJ29,R7M3Ed1Em2G1A7O3L2P1Ap1 / R4M3Ed2Em2G1A7O3L1P2Ap1,29,"Южный Кавказ (Армения, Азербайджан, Грузия)","Западная Европа (Германия, Франция, Италия)","Воссоединение с супругом(ой), ранее приехавшим(ей) в Россию","Воссоединение с супругом(ой), ранее приехавшим(ей) в Россию",Высшее (университет),Среднее (школа),Небольшая частная компания,Небольшая частная компания,Женщина,Женщина,61,61,Строитель,Строитель,Говорит свободно,Говорит плохо,Страна обычно голосует вместе с Россией в Генассамблее ООН,Страна обычно голосует вместе с США в Генассамблее ООН,В повседневной жизни носит обычную повседневную одежду,В повседневной жизни носит обычную повседневную одежду
CJ30,R2M1Ed1Em2G2A3O4L1P4Ap1 / R6M2Ed1Em2G2A6O4L1P4Ap1,30,"Восточная Азия (Китай, Южная Корея, Монголия)","Юго-Восточная Европа (Венгрия, Сербия, Болгария)",Бегство от вооружённого конфликта,Бегство от политических преследований,Высшее (университет),Высшее (университет),Небольшая частная компания,Небольшая частная компания,Мужчина,Мужчина,23,47,Сфера услуг (общепит),Сфера услуг (общепит),Говорит плохо,Говорит плохо,Страна присоединилась к санкциям против России,Страна присоединилась к санкциям против России,В повседневной жизни носит обычную повседневную одежду,В повседневной жизни носит обычную повседневную одежду
CJ31,R2M3Ed1Em2G2A4O2L2P3Ap2 / R7M3Ed1Em2G1A5O2L2P3Ap2,31,"Восточная Азия (Китай, Южная Корея, Монголия)","Южный Кавказ (Армения, Азербайджан, Грузия)","Воссоединение с супругом(ой), ранее приехавшим(ей) в Россию","Воссоединение с супругом(ой), ранее приехавшим(ей) в Россию",Высшее (университет),Высшее (университет),Небольшая частная компания,Небольшая частная компания,Мужчина,Женщина,45,46,Программист,Программист,Говорит свободно,Говорит свободно,Страна помогает России обходить санкции (параллельный экспорт),Страна помогает России обходить санкции (параллельный экспорт),В повседневной жизни носит традиционную национальную одежду,В повседневной жизни носит традиционную национальную одежду
CJ32,R5M3Ed1Em1G1A9O1L1P2Ap1 / R7M2Ed1Em1G1A8O4L1P4Ap1,32,"Средняя Азия (Узбекистан, Таджикистан, Кыргызстан)","Южный Кавказ (Армения, Азербайджан, Грузия)","Воссоединение с супругом(ой), ранее приехавшим(ей) в Россию",Бегство от политических преследований,Высшее (университет),Высшее (университет),Государственная организация,Государственная организация,Женщина,Женщина,63,62,Врач,Сфера услуг (общепит),Говорит плохо,Говорит плохо,Страна обычно голосует вместе с США в Генассамблее ООН,Страна присоединилась к санкциям против России,В повседневной жизни носит обычную повседневную одежду,В повседневной жизни носит обычную повседневную одежду
CJ33,R1M4Ed1Em2G1A4O4L2P2Ap2 / R7M4Ed1Em2G1A7O2L2P3Ap2,33,"Африка (Нигерия, ЮАР, Кения)","Южный Кавказ (Армения, Азербайджан, Грузия)",Поиск работы,Поиск работы,Высшее (университет),Высшее (университет),Небольшая частная компания,Небольшая частная компания,Женщина,Женщина,45,61,Сфера услуг (общепит),Программист,Говорит свободно,Говорит свободно,Страна обычно голосует вместе с США в Генассамблее ООН,Страна помогает России обходить санкции (параллельный экспорт),В повседневной жизни носит традиционную национальную одежду,В повседневной жизни носит традиционную национальную одежду
CJ34,R2M2Ed2Em2G1A1O2L2P3Ap2 / R4M2Ed2Em2G1A9O2L2P1Ap2,34,"Восточная Азия (Китай, Южная Корея, Монголия)","Западная Европа (Германия, Франция, Италия)",Бегство от политических преследований,Бегство от политических преследований,Среднее (школа),Среднее (школа),Небольшая частная компания,Небольшая частная компания,Женщина,Женщина,21,63,Программист,Программист,Говорит свободно,Говорит свободно,Страна помогает России обходить санкции (параллельный экспорт),Страна обычно голосует вместе с Россией в Генассамблее ООН,В повседневной жизни носит традиционную национальную одежду,В повседневной жизни носит традиционную национальную одежду
CJ35,R2M3Ed1Em2G2A1O2L2P2Ap2 / R5M3Ed1Em2G2A8O3L2P3Ap2,35,"Восточная Азия (Китай, Южная Корея, Монголия)","Средняя Азия (Узбекистан, Таджикистан, Кыргызстан)","Воссоединение с супругом(ой), ранее приехавшим(ей) в Россию","Воссоединение с супругом(ой), ранее приехавшим(ей) в Россию",Высшее (университет),Высшее (университет),Небольшая частная компания,Небольшая частная компания,Мужчина,Мужчина,21,62,Программист,Строитель,Говорит свободно,Говорит свободно,Страна обычно голосует вместе с США в Генассамблее ООН,Страна помогает России обходить санкции (параллельный экспорт),В повседневной жизни носит традиционную национальную одежду,В повседневной жизни носит традиционную национальную одежду
CJ36,R5M4Ed1Em1G2A6O2L2P3Ap2 / R1M3Ed1Em2G2A9O2L1P3Ap1,36,"Средняя Азия (Узбекистан, Таджикистан, Кыргызстан)","Африка (Нигерия, ЮАР, Кения)",Поиск работы,"Воссоединение с супругом(ой), ранее приехавшим(ей) в Россию",Высшее (университет),Высшее (университет),Государственная организация,Небольшая частная компания,Мужчина,Мужчина,47,63,Программист,Программист,Говорит свободно,Говорит плохо,Страна помогает России обходить санкции (параллельный экспорт),Страна помогает России обходить санкции (параллельный экспорт),В повседневной жизни носит традиционную национальную одежду,В повседневной жизни носит обычную повседневную одежду
CJ37,R7M4Ed3Em2G2A4O4L2P1Ap2 / R7M4Ed1Em2G2A7O2L2P1Ap1,37,"Южный Кавказ (Армения, Азербайджан, Грузия)","Южный Кавказ (Армения, Азербайджан, Грузия)",Поиск работы,Поиск работы,Среднее специальное (колледж),Высшее (университет),Небольшая частная компания,Небольшая частная компания,Мужчина,Мужчина,45,61,Сфера услуг (общепит),Программист,Говорит свободно,Говорит свободно,Страна обычно голосует вместе с Россией в Генассамблее ООН,Страна обычно голосует вместе с Россией в Генассамблее ООН,В повседневной жизни носит традиционную национальную одежду,В повседневной жизни носит обычную повседневную одежду
CJ38,R5M4Ed3Em2G2A4O3L2P1Ap2 / R5M1Ed2Em1G2A1O3L2P1Ap2,38,"Средняя Азия (Узбекистан, Таджикистан, Кыргызстан)","Средняя Азия (Узбекистан, Таджикистан, Кыргызстан)",Поиск работы,Бегство от вооружённого конфликта,Среднее специальное (колледж),Среднее (школа),Небольшая частная компания,Государственная организация,Мужчина,Мужчина,45,21,Строитель,Строитель,Говорит свободно,Говорит свободно,Страна обычно голосует вместе с Россией в Генассамблее ООН,Страна обычно голосует вместе с Россией в Генассамблее ООН,В повседневной жизни носит традиционную национальную одежду,В повседневной жизни носит традиционную национальную одежду
CJ39,R1M3Ed2Em1G1A3O2L1P3Ap1 / R1M2Ed1Em1G1A8O2L1P3Ap2,39,"Африка (Нигерия, ЮАР, Кения)","Африка (Нигерия, ЮАР, Кения)","Воссоединение с супругом(ой), ранее приехавшим(ей) в Россию",Бегство от политических преследований,Среднее (школа),Высшее (университет),Государственная организация,Государственная организация,Женщина,Женщина,23,62,Программист,Программист,Говорит плохо,Говорит плохо,Страна помогает России обходить санкции (параллельный экспорт),Страна помогает России обходить санкции (параллельный экспорт),В повседневной жизни носит обычную повседневную одежду,В повседневной жизни носит традиционную национальную одежду
CJ40,R1M4Ed1Em2G1A9O4L2P2Ap1 / R6M2Ed1Em1G1A1O4L1P2Ap1,40,"Африка (Нигерия, ЮАР, Кения)","Юго-Восточная Европа (Венгрия, Сербия, Болгария)",Поиск работы,Бегство от политических преследований,Высшее (университет),Высшее (университет),Небольшая частная компания,Государственная организация,Женщина,Женщина,63,21,Сфера услуг (общепит),Сфера услуг (общепит),Говорит свободно,Говорит плохо,Страна обычно голосует вместе с США в Генассамблее ООН,Страна обычно голосует вместе с США в Генассамблее ООН,В повседневной жизни носит обычную повседневную одежду,В повседневной жизни носит обычную повседневную одежду
CJ41,R1M3Ed2Em1G2A9O2L2P3Ap2 / R3M3Ed2Em1G2A9O4L2P2Ap1,41,"Африка (Нигерия, ЮАР, Кения)","Восточная Европа (Беларусь, Молдова, Украина)","Воссоединение с супругом(ой), ранее приехавшим(ей) в Россию","Воссоединение с супругом(ой), ранее приехавшим(ей) в Россию",Среднее (школа),Среднее (школа),Государственная организация,Государственная организация,Мужчина,Мужчина,63,63,Программист,Сфера услуг (общепит),Говорит свободно,Говорит свободно,Страна помогает России обходить санкции (параллельный экспорт),Страна обычно голосует вместе с США в Генассамблее ООН,В повседневной жизни носит традиционную национальную одежду,В повседневной жизни носит обычную повседневную одежду
CJ42,R7M3Ed2Em2G2A9O3L1P2Ap2 / R7M1Ed2Em1G1A5O3L1P4Ap1,42,"Южный Кавказ (Армения, Азербайджан, Грузия)","Южный Кавказ (Армения, Азербайджан, Грузия)","Воссоединение с супругом(ой), ранее приехавшим(ей) в Россию",Бегство от вооружённого конфликта,Среднее (школа),Среднее (школа),Небольшая частная компания,Государственная организация,Мужчина,Женщина,63,46,Строитель,Строитель,Говорит плохо,Говорит плохо,Страна обычно голосует вместе с США в Генассамблее ООН,Страна присоединилась к санкциям против России,В повседневной жизни носит традиционную национальную одежду,В повседневной жизни носит обычную повседневную одежду
CJ43,R1M4Ed3Em2G1A6O3L1P3Ap2 / R1M2Ed3Em1G2A6O3L2P3Ap2,43,"Африка (Нигерия, ЮАР, Кения)","Африка (Нигерия, ЮАР, Кения)",Поиск работы,Бегство от политических преследований,Среднее специальное (колледж),Среднее специальное (колледж),Небольшая частная компания,Государственная организация,Женщина,Мужчина,47,47,Строитель,Строитель,Говорит плохо,Говорит свободно,Страна помогает России обходить санкции (параллельный экспорт),Страна помогает России обходить санкции (параллельный экспорт),В повседневной жизни носит традиционную национальную одежду,В повседневной жизни носит традиционную национальную одежду
CJ44,R2M1Ed1Em1G1A3O2L2P1Ap1 / R7M4Ed3Em1G1A5O3L2P1Ap1,44,"Восточная Азия (Китай, Южная Корея, Монголия)","Южный Кавказ (Армения, Азербайджан, Грузия)",Бегство от вооружённого конфликта,Поиск работы,Высшее (университет),Среднее специальное (колледж),Государственная организация,Государственная организация,Женщина,Женщина,23,46,Программист,Строитель,Говорит свободно,Говорит свободно,Страна обычно голосует вместе с Россией в Генассамблее ООН,Страна обычно голосует вместе с Россией в Генассамблее ООН,В повседневной жизни носит обычную повседневную одежду,В повседневной жизни носит обычную повседневную одежду
CJ45,R5M3Ed2Em1G2A7O4L2P3Ap2 / R6M3Ed3Em1G2A8O4L2P4Ap1,45,"Средняя Азия (Узбекистан, Таджикистан, Кыргызстан)","Юго-Восточная Европа (Венгрия, Сербия, Болгария)","Воссоединение с супругом(ой), ранее приехавшим(ей) в Россию","Воссоединение с супругом(ой), ранее приехавшим(ей) в Россию",Среднее (школа),Среднее специальное (колледж),Государственная организация,Государственная организация,Мужчина,Мужчина,61,62,Сфера услуг (общепит),Сфера услуг (общепит),Говорит свободно,Говорит свободно,Страна помогает России обходить санкции (параллельный экспорт),Страна присоединилась к санкциям против России,В повседневной жизни носит традиционную национальную одежду,В повседневной жизни носит обычную повседневную одежду
CJ46,R3M1Ed1Em2G2A3O3L1P1Ap1 / R3M1Ed1Em2G2A4O4L1P4Ap1,46,"Восточная Европа (Беларусь, Молдова, Украина)","Восточная Европа (Беларусь, Молдова, Украина)",Бегство от вооружённого конфликта,Бегство от вооружённого конфликта,Высшее (университет),Высшее (университет),Небольшая частная компания,Небольшая частная компания,Мужчина,Мужчина,23,45,Строитель,Сфера услуг (общепит),Говорит плохо,Говорит плохо,Страна обычно голосует вместе с Россией в Генассамблее ООН,Страна присоединилась к санкциям против России,В повседневной жизни носит обычную повседневную одежду,В повседневной жизни носит обычную повседневную одежду
CJ47,R2M4Ed1Em2G2A6O1L1P3Ap2 / R3M1Ed1Em1G2A4O1L1P4Ap2,47,"Восточная Азия (Китай, Южная Корея, Монголия)","Восточная Европа (Беларусь, Молдова, Украина)",Поиск работы,Бегство от вооружённого конфликта,Высшее (университет),Высшее (университет),Небольшая частная компания,Государственная организация,Мужчина,Мужчина,47,45,Врач,Врач,Говорит плохо,Говорит плохо,Страна помогает России обходить санкции (параллельный экспорт),Страна присоединилась к санкциям против России,В повседневной жизни носит традиционную национальную одежду,В повседневной жизни носит традиционную национальную одежду
CJ48,R5M1Ed3Em1G1A8O3L1P1Ap1 / R7M1Ed3Em1G2A1O3L1P1Ap1,48,"Средняя Азия (Узбекистан, Таджикистан, Кыргызстан)","Южный Кавказ (Армения, Азербайджан, Грузия)",Бегство от вооружённого конфликта,Бегство от вооружённого конфликта,Среднее специальное (колледж),Среднее специальное (колледж),Государственная организация,Государственная организация,Женщина,Мужчина,62,21,Строитель,Строитель,Говорит плохо,Говорит плохо,Страна обычно голосует вместе с Россией в Генассамблее ООН,Страна обычно голосует вместе с Россией в Генассамблее ООН,В повседневной жизни носит обычную повседневную одежду,В повседневной жизни носит обычную повседневную одежду
CJ49,R3M3Ed1Em1G1A6O1L1P4Ap1 / R3M3Ed1Em2G2A1O2L1P4Ap1,49,"Восточная Европа (Беларусь, Молдова, Украина)","Восточная Европа (Беларусь, Молдова, Украина)","Воссоединение с супругом(ой), ранее приехавшим(ей) в Россию","Воссоединение с супругом(ой), ранее приехавшим(ей) в Россию",Высшее (университет),Высшее (университет),Государственная организация,Небольшая частная компания,Женщина,Мужчина,47,21,Врач,Программист,Говорит плохо,Говорит плохо,Страна присоединилась к санкциям против России,Страна присоединилась к санкциям против России,В повседневной жизни носит обычную повседневную одежду,В повседневной жизни носит обычную повседневную одежду
CJ50,R1M1Ed3Em2G1A6O4L1P3Ap1 / R7M1Ed3Em1G1A2O2L2P2Ap1,50,"Африка (Нигерия, ЮАР, Кения)","Южный Кавказ (Армения, Азербайджан, Грузия)",Бегство от вооружённого конфликта,Бегство от вооружённого конфликта,Среднее специальное (колледж),Среднее специальное (колледж),Небольшая частная компания,Государственная организация,Женщина,Женщина,47,22,Сфера услуг (общепит),Программист,Говорит плохо,Говорит свободно,Страна помогает России обходить санкции (параллельный экспорт),Страна обычно голосует вместе с США в Генассамблее ООН,В повседневной жизни носит обычную повседневную одежду,В повседневной жизни носит обычную повседневную одежду
CJ51,R2M1Ed3Em1G1A4O2L2P3Ap2 / R3M3Ed2Em2G2A4O2L1P4Ap2,51,"Восточная Азия (Китай, Южная Корея, Монголия)","Восточная Европа (Беларусь, Молдова, Украина)",Бегство от вооружённого конфликта,"Воссоединение с супругом(ой), ранее приехавшим(ей) в Россию",Среднее специальное (колледж),Среднее (школа),Государственная организация,Небольшая частная компания,Женщина,Мужчина,45,45,Программист,Программист,Говорит свободно,Говорит плохо,Страна помогает России обходить санкции (параллельный экспорт),Страна присоединилась к санкциям против России,В повседневной жизни носит традиционную национальную одежду,В повседневной жизни носит традиционную национальную одежду
CJ52,R2M4Ed2Em1G1A1O4L2P2Ap2 / R5M4Ed3Em1G1A1O4L2P2Ap2,52,"Восточная Азия (Китай, Южная Корея, Монголия)","Средняя Азия (Узбекистан, Таджикистан, Кыргызстан)",Поиск работы,Поиск работы,Среднее (школа),Среднее специальное (колледж),Государственная организация,Государственная организация,Женщина,Женщина,21,21,Сфера услуг (общепит),Сфера услуг (общепит),Говорит свободно,Говорит свободно,Страна обычно голосует вместе с США в Генассамблее ООН,Страна обычно голосует вместе с США в Генассамблее ООН,В повседневной жизни носит традиционную национальную одежду,В повседневной жизни носит традиционную национальную одежду
CJ53,R5M4Ed2Em1G2A5O3L1P3Ap2 / R7M4Ed3Em1G2A5O4L2P4Ap1,53,"Средняя Азия (Узбекистан, Таджикистан, Кыргызстан)","Южный Кавказ (Армения, Азербайджан, Грузия)",Поиск работы,Поиск работы,Среднее (школа),Среднее специальное (колледж),Государственная организация,Государственная организация,Мужчина,Мужчина,46,46,Строитель,Сфера услуг (общепит),Говорит плохо,Говорит свободно,Страна помогает России обходить санкции (параллельный экспорт),Страна присоединилась к санкциям против России,В повседневной жизни носит традиционную национальную одежду,В повседневной жизни носит обычную повседневную одежду
CJ54,R2M2Ed2Em2G2A5O2L2P1Ap2 / R3M2Ed3Em1G2A1O2L2P4Ap2,54,"Восточная Азия (Китай, Южная Корея, Монголия)","Восточная Европа (Беларусь, Молдова, Украина)",Бегство от политических преследований,Бегство от политических преследований,Среднее (школа),Среднее специальное (колледж),Небольшая частная компания,Государственная организация,Мужчина,Мужчина,46,21,Программист,Программист,Говорит свободно,Говорит свободно,Страна обычно голосует вместе с Россией в Генассамблее ООН,Страна присоединилась к санкциям против России,В повседневной жизни носит традиционную национальную одежду,В повседневной жизни носит традиционную национальную одежду
CJ55,R1M3Ed3Em1G1A9O3L1P1Ap1 / R7M2Ed3Em1G1A6O4L1P1Ap1,55,"Африка (Нигерия, ЮАР, Кения)","Южный Кавказ (Армения, Азербайджан, Грузия)","Воссоединение с супругом(ой), ранее приехавшим(ей) в Россию",Бегство от политических преследований,Среднее специальное (колледж),Среднее специальное (колледж),Государственная организация,Государственная организация,Женщина,Женщина,63,47,Строитель,Сфера услуг (общепит),Говорит плохо,Говорит плохо,Страна обычно голосует вместе с Россией в Генассамблее ООН,Страна обычно голосует вместе с Россией в Генассамблее ООН,В повседневной жизни носит обычную повседневную одежду,В повседневной жизни носит обычную повседневную одежду
CJ56,R1M3Ed3Em1G1A8O3L1P1Ap2 / R6M3Ed3Em1G1A5O3L2P4Ap2,56,"Африка (Нигерия, ЮАР, Кения)","Юго-Восточная Европа (Венгрия, Сербия, Болгария)","Воссоединение с супругом(ой), ранее приехавшим(ей) в Россию","Воссоединение с супругом(ой), ранее приехавшим(ей) в Россию",Среднее специальное (колледж),Среднее специальное (колледж),Государственная организация,Государственная организация,Женщина,Женщина,62,46,Строитель,Строитель,Говорит плохо,Говорит свободно,Страна обычно голосует вместе с Россией в Генассамблее ООН,Страна присоединилась к санкциям против России,В повседневной жизни носит традиционную национальную одежду,В повседневной жизни носит традиционную национальную одежду
CJ57,R7M3Ed3Em1G2A7O3L1P1Ap2 / R7M2Ed3Em1G1A3O3L2P1Ap2,57,"Южный Кавказ (Армения, Азербайджан, Грузия)","Южный Кавказ (Армения, Азербайджан, Грузия)","Воссоединение с супругом(ой), ранее приехавшим(ей) в Россию",Бегство от политических преследований,Среднее специальное (колледж),Среднее специальное (колледж),Государственная организация,Государственная организация,Мужчина,Женщина,61,23,Строитель,Строитель,Говорит плохо,Говорит свободно,Страна обычно голосует вместе с Россией в Генассамблее ООН,Страна обычно голосует вместе с Россией в Генассамблее ООН,В повседневной жизни носит традиционную национальную одежду,В повседневной жизни носит традиционную национальную одежду
CJ58,R2M3Ed2Em1G1A1O4L2P1Ap2 / R6M1Ed2Em1G1A4O4L1P1Ap2,58,"Восточная Азия (Китай, Южная Корея, Монголия)","Юго-Восточная Европа (Венгрия, Сербия, Болгария)","Воссоединение с супругом(ой), ранее приехавшим(ей) в Россию",Бегство от вооружённого конфликта,Среднее (школа),Среднее (школа),Государственная организация,Государственная организация,Женщина,Женщина,21,45,Сфера услуг (общепит),Сфера услуг (общепит),Говорит свободно,Говорит плохо,Страна обычно голосует вместе с Россией в Генассамблее ООН,Страна обычно голосует вместе с Россией в Генассамблее ООН,В повседневной жизни носит традиционную национальную одежду,В повседневной жизни носит традиционную национальную одежду
CJ59,R2M2Ed1Em1G1A9O3L2P2Ap1 / R5M2Ed1Em1G1A8O4L1P2Ap1,59,"Восточная Азия (Китай, Южная Корея, Монголия)","Средняя Азия (Узбекистан, Таджикистан, Кыргызстан)",Бегство от политических преследований,Бегство от политических преследований,Высшее (университет),Высшее (университет),Государственная организация,Государственная организация,Женщина,Женщина,63,62,Строитель,Сфера услуг (общепит),Говорит свободно,Говорит плохо,Страна обычно голосует вместе с США в Генассамблее ООН,Страна обычно голосует вместе с США в Генассамблее ООН,В повседневной жизни носит обычную повседневную одежду,В повседневной жизни носит обычную повседневную одежду
CJ60,R2M4Ed1Em1G1A5O4L1P3Ap2 / R2M2Ed2Em1G2A1O4L1P4Ap2,60,"Восточная Азия (Китай, Южная Корея, Монголия)","Восточная Азия (Китай, Южная Корея, Монголия)",Поиск работы,Бегство от политических преследований,Высшее (университет),Среднее (школа),Государственная организация,Государственная организация,Женщина,Мужчина,46,21,Сфера услуг (общепит),Сфера услуг (общепит),Говорит плохо,Говорит плохо,Страна помогает России обходить санкции (параллельный экспорт),Страна присоединилась к санкциям против России,В повседневной жизни носит традиционную национальную одежду,В повседневной жизни носит традиционную национальную одежду
CJ61,R2M1Ed1Em1G1A9O2L2P3Ap1 / R3M1Ed1Em2G1A9O1L1P1Ap1,61,"Восточная Азия (Китай, Южная Корея, Монголия)","Восточная Европа (Беларусь, Молдова, Украина)",Бегство от вооружённого конфликта,Бегство от вооружённого конфликта,Высшее (университет),Высшее (университет),Государственная организация,Небольшая частная компания,Женщина,Женщина,63,63,Программист,Врач,Говорит свободно,Говорит плохо,Страна помогает России обходить санкции (параллельный экспорт),Страна обычно голосует вместе с Россией в Генассамблее ООН,В повседневной жизни носит обычную повседневную одежду,В повседневной жизни носит обычную повседневную одежду
CJ62,R2M4Ed3Em1G1A4O3L2P4Ap1 / R7M2Ed3Em1G1A1O3L1P4Ap2,62,"Восточная Азия (Китай, Южная Корея, Монголия)","Южный Кавказ (Армения, Азербайджан, Грузия)",Поиск работы,Бегство от политических преследований,Среднее специальное (колледж),Среднее специальное (колледж),Государственная организация,Государственная организация,Женщина,Женщина,45,21,Строитель,Строитель,Говорит свободно,Говорит плохо,Страна присоединилась к санкциям против России,Страна присоединилась к санкциям против России,В повседневной жизни носит обычную повседневную одежду,В повседневной жизни носит традиционную национальную одежду
CJ63,R2M2Ed3Em1G2A4O3L1P3Ap1 / R1M1Ed3Em1G2A4O2L2P3Ap2,63,"Восточная Азия (Китай, Южная Корея, Монголия)","Африка (Нигерия, ЮАР, Кения)",Бегство от политических преследований,Бегство от вооружённого конфликта,Среднее специальное (колледж),Среднее специальное (колледж),Государственная организация,Государственная организация,Мужчина,Мужчина,45,45,Строитель,Программист,Говорит плохо,Говорит свободно,Страна помогает России обходить санкции (параллельный экспорт),Страна помогает России обходить санкции (параллельный экспорт),В повседневной жизни носит обычную повседневную одежду,В повседневной жизни носит традиционную национальную одежду
CJ64,R4M4Ed1Em1G1A7O1L2P2Ap2 / R4M4Ed1Em2G1A4O3L2P4Ap1,64,"Западная Европа (Германия, Франция, Италия)","Западная Европа (Германия, Франция, Италия)",Поиск работы,Поиск работы,Высшее (университет),Высшее (университет),Государственная организация,Небольшая частная компания,Женщина,Женщина,61,45,Врач,Строитель,Говорит свободно,Говорит свободно,Страна обычно голосует вместе с США в Генассамблее ООН,Страна присоединилась к санкциям против России,В повседневной жизни носит традиционную национальную одежду,В повседневной жизни носит обычную повседневную одежду
CJ65,R3M4Ed1Em2G1A2O2L1P4Ap2 / R3M2Ed1Em2G2A3O2L2P4Ap2,65,"Восточная Европа (Беларусь, Молдова, Украина)","Восточная Европа (Беларусь, Молдова, Украина)",Поиск работы,Бегство от политических преследований,Высшее (университет),Высшее (университет),Небольшая частная компания,Небольшая частная компания,Женщина,Мужчина,22,23,Программист,Программист,Говорит плохо,Говорит свободно,Страна присоединилась к санкциям против России,Страна присоединилась к санкциям против России,В повседневной жизни носит традиционную национальную одежду,В повседневной жизни носит традиционную национальную одежду
CJ66,R5M3Ed2Em2G1A6O2L1P2Ap2 / R5M1Ed2Em2G1A6O2L2P3Ap2,66,"Средняя Азия (Узбекистан, Таджикистан, Кыргызстан)","Средняя Азия (Узбекистан, Таджикистан, Кыргызстан)","Воссоединение с супругом(ой), ранее приехавшим(ей) в Россию",Бегство от вооружённого конфликта,Среднее (школа),Среднее (школа),Небольшая частная компания,Небольшая частная компания,Женщина,Женщина,47,47,Программист,Программист,Говорит плохо,Говорит свободно,Страна обычно голосует вместе с США в Генассамблее ООН,Страна помогает России обходить санкции (параллельный экспорт),В повседневной жизни носит традиционную национальную одежду,В повседневной жизни носит традиционную национальную одежду
CJ67,R1M4Ed3Em2G1A5O4L1P2Ap2 / R1M1Ed3Em2G2A1O4L2P1Ap2,67,"Африка (Нигерия, ЮАР, Кения)","Африка (Нигерия, ЮАР, Кения)",Поиск работы,Бегство от вооружённого конфликта,Среднее специальное (колледж),Среднее специальное (колледж),Небольшая частная компания,Небольшая частная компания,Женщина,Мужчина,46,21,Сфера услуг (общепит),Сфера услуг (общепит),Говорит плохо,Говорит свободно,Страна обычно голосует вместе с США в Генассамблее ООН,Страна обычно голосует вместе с Россией в Генассамблее ООН,В повседневной жизни носит традиционную национальную одежду,В повседневной жизни носит традиционную национальную одежду
CJ68,R6M4Ed1Em1G1A9O3L2P2Ap1 / R6M3Ed1Em2G2A3O1L1P1Ap1,68,"Юго-Восточная Европа (Венгрия, Сербия, Болгария)","Юго-Восточная Европа (Венгрия, Сербия, Болгария)",Поиск работы,"Воссоединение с супругом(ой), ранее приехавшим(ей) в Россию",Высшее (университет),Высшее (университет),Государственная организация,Небольшая частная компания,Женщина,Мужчина,63,23,Строитель,Врач,Говорит свободно,Говорит плохо,Страна обычно голосует вместе с США в Генассамблее ООН,Страна обычно голосует вместе с Россией в Генассамблее ООН,В повседневной жизни носит обычную повседневную одежду,В повседневной жизни носит обычную повседневную одежду
CJ69,R7M4Ed3Em1G1A8O2L2P4Ap1 / R7M1Ed2Em2G2A1O3L2P2Ap2,69,"Южный Кавказ (Армения, Азербайджан, Грузия)","Южный Кавказ (Армения, Азербайджан, Грузия)",Поиск работы,Бегство от вооружённого конфликта,Среднее специальное (колледж),Среднее (школа),Государственная организация,Небольшая частная компания,Женщина,Мужчина,62,21,Программист,Строитель,Говорит свободно,Говорит свободно,Страна присоединилась к санкциям против России,Страна обычно голосует вместе с США в Генассамблее ООН,В повседневной жизни носит обычную повседневную одежду,В повседневной жизни носит традиционную национальную одежду
CJ70,R7M2Ed2Em2G1A3O2L1P2Ap2 / R3M1Ed1Em2G1A7O2L1P2Ap1,70,"Южный Кавказ (Армения, Азербайджан, Грузия)","Восточная Европа (Беларусь, Молдова, Украина)",Бегство от политических преследований,Бегство от вооружённого конфликта,Среднее (школа),Высшее (университет),Небольшая частная компания,Небольшая частная компания,Женщина,Женщина,23,61,Программист,Программист,Говорит плохо,Говорит плохо,Страна обычно голосует вместе с США в Генассамблее ООН,Страна обычно голосует вместе с США в Генассамблее ООН,В повседневной жизни носит традиционную национальную одежду,В повседневной жизни носит обычную повседневную одежду
CJ71,R1M4Ed2Em1G1A6O2L2P3Ap1 / R7M3Ed1Em1G1A2O4L1P3Ap2,71,"Африка (Нигерия, ЮАР, Кения)","Южный Кавказ (Армения, Азербайджан, Грузия)",Поиск работы,"Воссоединение с супругом(ой), ранее приехавшим(ей) в Россию",Среднее (школа),Высшее (университет),Государственная организация,Государственная организация,Женщина,Женщина,47,22,Программист,Сфера услуг (общепит),Говорит свободно,Говорит плохо,Страна помогает России обходить санкции (параллельный экспорт),Страна помогает России обходить санкции (параллельный экспорт),В повседневной жизни носит обычную повседневную одежду,В повседневной жизни носит традиционную национальную одежду
CJ72,R1M2Ed2Em2G2A7O2L2P1Ap2 / R6M3Ed2Em2G2A1O4L2P2Ap2,72,"Африка (Нигерия, ЮАР, Кения)","Юго-Восточная Европа (Венгрия, Сербия, Болгария)",Бегство от политических преследований,"Воссоединение с супругом(ой), ранее приехавшим(ей) в Россию",Среднее (школа),Среднее (школа),Небольшая частная компания,Небольшая частная компания,Мужчина,Мужчина,61,21,Программист,Сфера услуг (общепит),Говорит свободно,Говорит свободно,Страна обычно голосует вместе с Россией в Генассамблее ООН,Страна обычно голосует вместе с США в Генассамблее ООН,В повседневной жизни носит традиционную национальную одежду,В повседневной жизни носит традиционную национальную одежду
CJ73,R2M1Ed2Em1G1A7O4L2P2Ap2 / R2M2Ed2Em2G1A5O4L2P4Ap2,73,"Восточная Азия (Китай, Южная Корея, Монголия)","Восточная Азия (Китай, Южная Корея, Монголия)",Бегство от вооружённого конфликта,Бегство от политических преследований,Среднее (школа),Среднее (школа),Государственная организация,Небольшая частная компания,Женщина,Женщина,61,46,Сфера услуг (общепит),Сфера услуг (общепит),Говорит свободно,Говорит свободно,Страна обычно голосует вместе с США в Генассамблее ООН,Страна присоединилась к санкциям против России,В повседневной жизни носит традиционную национальную одежду,В повседневной жизни носит традиционную национальную одежду
CJ74,R2M4Ed3Em1G1A2O2L2P4Ap2 / R1M3Ed3Em1G2A2O3L2P4Ap2,74,"Восточная Азия (Китай, Южная Корея, Монголия)","Африка (Нигерия, ЮАР, Кения)",Поиск работы,"Воссоединение с супругом(ой), ранее приехавшим(ей) в Россию",Среднее специальное (колледж),Среднее специальное (колледж),Государственная организация,Государственная организация,Женщина,Мужчина,22,22,Программист,Строитель,Говорит свободно,Говорит свободно,Страна присоединилась к санкциям против России,Страна присоединилась к санкциям против России,В повседневной жизни носит традиционную национальную одежду,В повседневной жизни носит традиционную национальную одежду
CJ75,R6M3Ed1Em2G1A4O2L2P1Ap2 / R6M2Ed1Em1G1A4O4L1P1Ap1,75,"Юго-Восточная Европа (Венгрия, Сербия, Болгария)","Юго-Восточная Европа (Венгрия, Сербия, Болгария)","Воссоединение с супругом(ой), ранее приехавшим(ей) в Россию",Бегство от политических преследований,Высшее (университет),Высшее (университет),Небольшая частная компания,Государственная организация,Женщина,Женщина,45,45,Программист,Сфера услуг (общепит),Говорит свободно,Говорит плохо,Страна обычно голосует вместе с Россией в Генассамблее ООН,Страна обычно голосует вместе с Россией в Генассамблее ООН,В повседневной жизни носит традиционную национальную одежду,В повседневной жизни носит обычную повседневную одежду
CJ76,R3M4Ed2Em1G2A6O2L1P2Ap1 / R3M1Ed3Em1G2A1O3L1P2Ap2,76,"Восточная Европа (Беларусь, Молдова, Украина)","Восточная Европа (Беларусь, Молдова, Украина)",Поиск работы,Бегство от вооружённого конфликта,Среднее (школа),Среднее специальное (колледж),Государственная организация,Государственная организация,Мужчина,Мужчина,47,21,Программист,Строитель,Говорит плохо,Говорит плохо,Страна обычно голосует вместе с США в Генассамблее ООН,Страна обычно голосует вместе с США в Генассамблее ООН,В повседневной жизни носит обычную повседневную одежду,В повседневной жизни носит традиционную национальную одежду
CJ77,R2M1Ed2Em1G2A6O4L2P1Ap2 / R4M2Ed2Em1G1A6O4L2P4Ap2,77,"Восточная Азия (Китай, Южная Корея, Монголия)","Западная Европа (Германия, Франция, Италия)",Бегство от вооружённого конфликта,Бегство от политических преследований,Среднее (школа),Среднее (школа),Государственная организация,Государственная организация,Мужчина,Женщина,47,47,Сфера услуг (общепит),Сфера услуг (общепит),Говорит свободно,Говорит свободно,Страна обычно голосует вместе с Россией в Генассамблее ООН,Страна присоединилась к санкциям против России,В повседневной жизни носит традиционную национальную одежду,В повседневной жизни носит традиционную национальную одежду
CJ78,R2M4Ed2Em2G1A3O4L2P3Ap2 / R2M4Ed3Em2G2A4O4L2P3Ap1,78,"Восточная Азия (Китай, Южная Корея, Монголия)","Восточная Азия (Китай, Южная Корея, Монголия)",Поиск работы,Поиск работы,Среднее (школа),Среднее специальное (колледж),Небольшая частная компания,Небольшая частная компания,Женщина,Мужчина,23,45,Сфера услуг (общепит),Сфера услуг (общепит),Говорит свободно,Говорит свободно,Страна помогает России обходить санкции (параллельный экспорт),Страна помогает России обходить санкции (параллельный экспорт),В повседневной жизни носит традиционную национальную одежду,В повседневной жизни носит обычную повседневную одежду
CJ79,R5M2Ed1Em1G1A7O1L1P1Ap2 / R3M2Ed1Em1G2A9O2L1P2Ap1,79,"Средняя Азия (Узбекистан, Таджикистан, Кыргызстан)","Восточная Европа (Беларусь, Молдова, Украина)",Бегство от политических преследований,Бегство от политических преследований,Высшее (университет),Высшее (университет),Государственная организация,Государственная организация,Женщина,Мужчина,61,63,Врач,Программист,Говорит плохо,Говорит плохо,Страна обычно голосует вместе с Россией в Генассамблее ООН,Страна обычно голосует вместе с США в Генассамблее ООН,В повседневной жизни носит традиционную национальную одежду,В повседневной жизни носит обычную повседневную одежду
CJ80,R5M1Ed1Em1G2A1O3L1P3Ap2 / R4M4Ed1Em1G1A4O3L1P4Ap2,80,"Средняя Азия (Узбекистан, Таджикистан, Кыргызстан)","Западная Европа (Германия, Франция, Италия)",Бегство от вооружённого конфликта,Поиск работы,Высшее (университет),Высшее (университет),Государственная организация,Государственная организация,Мужчина,Женщина,21,45,Строитель,Строитель,Говорит плохо,Говорит плохо,Страна помогает России обходить санкции (параллельный экспорт),Страна присоединилась к санкциям против России,В повседневной жизни носит традиционную национальную одежду,В повседневной жизни носит традиционную национальную одежду
CJ81,R6M4Ed1Em1G2A5O2L1P2Ap1 / R4M3Ed3Em1G2A5O2L1P1Ap2,81,"Юго-Восточная Европа (Венгрия, Сербия, Болгария)","Западная Европа (Германия, Франция, Италия)",Поиск работы,"Воссоединение с супругом(ой), ранее приехавшим(ей) в Россию",Высшее (университет),Среднее специальное (колледж),Государственная организация,Государственная организация,Мужчина,Мужчина,46,46,Программист,Программист,Говорит плохо,Говорит плохо,Страна обычно голосует вместе с США в Генассамблее ООН,Страна обычно голосует вместе с Россией в Генассамблее ООН,В повседневной жизни носит обычную повседневную одежду,В повседневной жизни носит традиционную национальную одежду
CJ82,R7M4Ed3Em2G2A5O2L2P2Ap1 / R7M4Ed3Em2G2A8O4L2P2Ap1,82,"Южный Кавказ (Армения, Азербайджан, Грузия)","Южный Кавказ (Армения, Азербайджан, Грузия)",Поиск работы,Поиск работы,Среднее специальное (колледж),Среднее специальное (колледж),Небольшая частная компания,Небольшая частная компания,Мужчина,Мужчина,46,62,Программист,Сфера услуг (общепит),Говорит свободно,Говорит свободно,Страна обычно голосует вместе с США в Генассамблее ООН,Страна обычно голосует вместе с США в Генассамблее ООН,В повседневной жизни носит обычную повседневную одежду,В повседневной жизни носит обычную повседневную одежду
CJ83,R5M2Ed1Em2G2A5O1L2P2Ap1 / R7M4Ed1Em2G1A6O1L1P1Ap1,83,"Средняя Азия (Узбекистан, Таджикистан, Кыргызстан)","Южный Кавказ (Армения, Азербайджан, Грузия)",Бегство от политических преследований,Поиск работы,Высшее (университет),Высшее (университет),Небольшая частная компания,Небольшая частная компания,Мужчина,Женщина,46,47,Врач,Врач,Говорит свободно,Говорит плохо,Страна обычно голосует вместе с США в Генассамблее ООН,Страна обычно голосует вместе с Россией в Генассамблее ООН,В повседневной жизни носит обычную повседневную одежду,В повседневной жизни носит обычную повседневную одежду
CJ84,R2M4Ed2Em1G2A6O2L1P2Ap1 / R1M3Ed3Em1G2A1O2L1P3Ap1,84,"Восточная Азия (Китай, Южная Корея, Монголия)","Африка (Нигерия, ЮАР, Кения)",Поиск работы,"Воссоединение с супругом(ой), ранее приехавшим(ей) в Россию",Среднее (школа),Среднее специальное (колледж),Государственная организация,Государственная организация,Мужчина,Мужчина,47,21,Программист,Программист,Говорит плохо,Говорит плохо,Страна обычно голосует вместе с США в Генассамблее ООН,Страна помогает России обходить санкции (параллельный экспорт),В повседневной жизни носит обычную повседневную одежду,В повседневной жизни носит обычную повседневную одежду
CJ85,R1M3Ed1Em1G2A9O2L1P2Ap2 / R1M2Ed2Em2G1A9O2L1P2Ap2,85,"Африка (Нигерия, ЮАР, Кения)","Африка (Нигерия, ЮАР, Кения)","Воссоединение с супругом(ой), ранее приехавшим(ей) в Россию",Бегство от политических преследований,Высшее (университет),Среднее (школа),Государственная организация,Небольшая частная компания,Мужчина,Женщина,63,63,Программист,Программист,Говорит плохо,Говорит плохо,Страна обычно голосует вместе с США в Генассамблее ООН,Страна обычно голосует вместе с США в Генассамблее ООН,В повседневной жизни носит традиционную национальную одежду,В повседневной жизни носит традиционную национальную одежду
CJ86,R2M1Ed2Em1G1A7O4L2P2Ap1 / R2M1Ed1Em1G1A8O3L2P2Ap1,86,"Восточная Азия (Китай, Южная Корея, Монголия)","Восточная Азия (Китай, Южная Корея, Монголия)",Бегство от вооружённого конфликта,Бегство от вооружённого конфликта,Среднее (школа),Высшее (университет),Государственная организация,Государственная организация,Женщина,Женщина,61,62,Сфера услуг (общепит),Строитель,Говорит свободно,Говорит свободно,Страна обычно голосует вместе с США в Генассамблее ООН,Страна обычно голосует вместе с США в Генассамблее ООН,В повседневной жизни носит обычную повседневную одежду,В повседневной жизни носит обычную повседневную одежду
CJ87,R7M2Ed2Em1G2A7O3L1P4Ap2 / R4M3Ed2Em1G1A5O3L2P4Ap2,87,"Южный Кавказ (Армения, Азербайджан, Грузия)","Западная Европа (Германия, Франция, Италия)",Бегство от политических преследований,"Воссоединение с супругом(ой), ранее приехавшим(ей) в Россию",Среднее (школа),Среднее (школа),Государственная организация,Государственная организация,Мужчина,Женщина,61,46,Строитель,Строитель,Говорит плохо,Говорит свободно,Страна присоединилась к санкциям против России,Страна присоединилась к санкциям против России,В повседневной жизни носит традиционную национальную одежду,В повседневной жизни носит традиционную национальную одежду
CJ88,R5M1Ed2Em1G1A2O3L1P1Ap1 / R7M3Ed2Em1G2A1O3L1P1Ap1,88,"Средняя Азия (Узбекистан, Таджикистан, Кыргызстан)","Южный Кавказ (Армения, Азербайджан, Грузия)",Бегство от вооружённого конфликта,"Воссоединение с супругом(ой), ранее приехавшим(ей) в Россию",Среднее (школа),Среднее (школа),Государственная организация,Государственная организация,Женщина,Мужчина,22,21,Строитель,Строитель,Говорит плохо,Говорит плохо,Страна обычно голосует вместе с Россией в Генассамблее ООН,Страна обычно голосует вместе с Россией в Генассамблее ООН,В повседневной жизни носит обычную повседневную одежду,В повседневной жизни носит обычную повседневную одежду
CJ89,R2M4Ed3Em2G2A5O4L2P4Ap1 / R4M4Ed3Em2G1A5O4L1P4Ap1,89,"Восточная Азия (Китай, Южная Корея, Монголия)","Западная Европа (Германия, Франция, Италия)",Поиск работы,Поиск работы,Среднее специальное (колледж),Среднее специальное (колледж),Небольшая частная компания,Небольшая частная компания,Мужчина,Женщина,46,46,Сфера услуг (общепит),Сфера услуг (общепит),Говорит свободно,Говорит плохо,Страна присоединилась к санкциям против России,Страна присоединилась к санкциям против России,В повседневной жизни носит обычную повседневную одежду,В повседневной жизни носит обычную повседневную одежду
CJ90,R3M3Ed3Em1G2A7O3L1P4Ap1 / R3M2Ed3Em2G1A2O3L2P4Ap1,90,"Восточная Европа (Беларусь, Молдова, Украина)","Восточная Европа (Беларусь, Молдова, Украина)","Воссоединение с супругом(ой), ранее приехавшим(ей) в Россию",Бегство от политических преследований,Среднее специальное (колледж),Среднее специальное (колледж),Государственная организация,Небольшая частная компания,Мужчина,Женщина,61,22,Строитель,Строитель,Говорит плохо,Говорит свободно,Страна присоединилась к санкциям против России,Страна присоединилась к санкциям против России,В повседневной жизни носит обычную повседневную одежду,В повседневной жизни носит обычную повседневную одежду
CJ91,R5M1Ed1Em1G1A5O1L2P1Ap1 / R7M3Ed3Em2G1A6O2L2P3Ap1,91,"Средняя Азия (Узбекистан, Таджикистан, Кыргызстан)","Южный Кавказ (Армения, Азербайджан, Грузия)",Бегство от вооружённого конфликта,"Воссоединение с супругом(ой), ранее приехавшим(ей) в Россию",Высшее (университет),Среднее специальное (колледж),Государственная организация,Небольшая частная компания,Женщина,Женщина,46,47,Врач,Программист,Говорит свободно,Говорит свободно,Страна обычно голосует вместе с Россией в Генассамблее ООН,Страна помогает России обходить санкции (параллельный экспорт),В повседневной жизни носит обычную повседневную одежду,В повседневной жизни носит обычную повседневную одежду
CJ92,R5M4Ed2Em2G1A9O4L1P1Ap2 / R5M1Ed2Em2G1A4O3L1P1Ap2,92,"Средняя Азия (Узбекистан, Таджикистан, Кыргызстан)","Средняя Азия (Узбекистан, Таджикистан, Кыргызстан)",Поиск работы,Бегство от вооружённого конфликта,Среднее (школа),Среднее (школа),Небольшая частная компания,Небольшая частная компания,Женщина,Женщина,63,45,Сфера услуг (общепит),Строитель,Говорит плохо,Говорит плохо,Страна обычно голосует вместе с Россией в Генассамблее ООН,Страна обычно голосует вместе с Россией в Генассамблее ООН,В повседневной жизни носит традиционную национальную одежду,В повседневной жизни носит традиционную национальную одежду
CJ93,R1M4Ed3Em2G2A8O3L2P3Ap1 / R3M2Ed1Em2G1A8O1L1P4Ap1,93,"Африка (Нигерия, ЮАР, Кения)","Восточная Европа (Беларусь, Молдова, Украина)",Поиск работы,Бегство от политических преследований,Среднее специальное (колледж),Высшее (университет),Небольшая частная компания,Небольшая частная компания,Мужчина,Женщина,62,62,Строитель,Врач,Говорит свободно,Говорит плохо,Страна помогает России обходить санкции (параллельный экспорт),Страна присоединилась к санкциям против России,В повседневной жизни носит обычную повседневную одежду,В повседневной жизни носит обычную повседневную одежду
CJ94,R5M3Ed1Em1G1A8O4L2P3Ap2 / R5M1Ed1Em1G1A4O4L2P1Ap2,94,"Средняя Азия (Узбекистан, Таджикистан, Кыргызстан)","Средняя Азия (Узбекистан, Таджикистан, Кыргызстан)","Воссоединение с супругом(ой), ранее приехавшим(ей) в Россию",Бегство от вооружённого конфликта,Высшее (университет),Высшее (университет),Государственная организация,Государственная организация,Женщина,Женщина,62,45,Сфера услуг (общепит),Сфера услуг (общепит),Говорит свободно,Говорит свободно,Страна помогает России обходить санкции (параллельный экспорт),Страна обычно голосует вместе с Россией в Генассамблее ООН,В повседневной жизни носит традиционную национальную одежду,В повседневной жизни носит традиционную национальную одежду
CJ95,R2M3Ed2Em1G2A5O4L1P3Ap1 / R6M3Ed2Em1G2A7O3L1P4Ap1,95,"Восточная Азия (Китай, Южная Корея, Монголия)","Юго-Восточная Европа (Венгрия, Сербия, Болгария)","Воссоединение с супругом(ой), ранее приехавшим(ей) в Россию","Воссоединение с супругом(ой), ранее приехавшим(ей) в Россию",Среднее (школа),Среднее (школа),Государственная организация,Государственная организация,Мужчина,Мужчина,46,61,Сфера услуг (общепит),Строитель,Говорит плохо,Говорит плохо,Страна помогает России обходить санкции (параллельный экспорт),Страна присоединилась к санкциям против России,В повседневной жизни носит обычную повседневную одежду,В повседневной жизни носит обычную повседневную одежду
CJ96,R5M4Ed3Em1G1A6O3L2P1Ap1 / R5M4Ed1Em1G1A3O1L1P1Ap1,96,"Средняя Азия (Узбекистан, Таджикистан, Кыргызстан)","Средняя Азия (Узбекистан, Таджикистан, Кыргызстан)",Поиск работы,Поиск работы,Среднее специальное (колледж),Высшее (университет),Государственная организация,Государственная организация,Женщина,Женщина,47,23,Строитель,Врач,Говорит свободно,Говорит плохо,Страна обычно голосует вместе с Россией в Генассамблее ООН,Страна обычно голосует вместе с Россией в Генассамблее ООН,В повседневной жизни носит обычную повседневную одежду,В повседневной жизни носит обычную повседневную одежду
CJ97,R2M1Ed2Em1G1A7O2L2P2Ap2 / R6M1Ed2Em2G1A7O2L2P1Ap1,97,"Восточная Азия (Китай, Южная Корея, Монголия)","Юго-Восточная Европа (Венгрия, Сербия, Болгария)",Бегство от вооружённого конфликта,Бегство от вооружённого конфликта,Среднее (школа),Среднее (школа),Государственная организация,Небольшая частная компания,Женщина,Женщина,61,61,Программист,Программист,Говорит свободно,Говорит свободно,Страна обычно голосует вместе с США в Генассамблее ООН,Страна обычно голосует вместе с Россией в Генассамблее ООН,В повседневной жизни носит традиционную национальную одежду,В повседневной жизни носит обычную повседневную одежду
CJ98,R1M4Ed3Em1G2A9O4L2P1Ap1 / R6M1Ed3Em1G2A8O4L1P1Ap1,98,"Африка (Нигерия, ЮАР, Кения)","Юго-Восточная Европа (Венгрия, Сербия, Болгария)",Поиск работы,Бегство от вооружённого конфликта,Среднее специальное (колледж),Среднее специальное (колледж),Государственная организация,Государственная организация,Мужчина,Мужчина,63,62,Сфера услуг (общепит),Сфера услуг (общепит),Говорит свободно,Говорит плохо,Страна обычно голосует вместе с Россией в Генассамблее ООН,Страна обычно голосует вместе с Россией в Генассамблее ООН,В повседневной жизни носит обычную повседневную одежду,В повседневной жизни носит обычную повседневную одежду
CJ99,R1M3Ed1Em1G2A1O2L2P1Ap2 / R6M3Ed3Em2G1A7O3L2P1Ap1,99,"Африка (Нигерия, ЮАР, Кения)","Юго-Восточная Европа (Венгрия, Сербия, Болгария)","Воссоединение с супругом(ой), ранее приехавшим(ей) в Россию","Воссоединение с супругом(ой), ранее приехавшим(ей) в Россию",Высшее (университет),Среднее специальное (колледж),Государственная организация,Небольшая частная компания,Мужчина,Женщина,21,61,Программист,Строитель,Говорит свободно,Говорит свободно,Страна обычно голосует вместе с Россией в Генассамблее ООН,Страна обычно голосует вместе с Россией в Генассамблее ООН,В повседневной жизни носит традиционную национальную одежду,В повседневной жизни носит обычную повседневную одежду
CJ100,R6M2Ed3Em2G2A5O3L2P1Ap1 / R6M2Ed1Em1G2A7O3L2P1Ap2,100,"Юго-Восточная Европа (Венгрия, Сербия, Болгария)","Юго-Восточная Европа (Венгрия, Сербия, Болгария)",Бегство от политических преследований,Бегство от политических преследований,Среднее специальное (колледж),Высшее (университет),Небольшая частная компания,Государственная организация,Мужчина,Мужчина,46,61,Строитель,Строитель,Говорит свободно,Говорит свободно,Страна обычно голосует вместе с Россией в Генассамблее ООН,Страна обычно голосует вместе с Россией в Генассамблее ООН,В повседневной жизни носит обычную повседневную одежду,В повседневной жизни носит традиционную национальную одежду
CJ101,R2M3Ed1Em1G2A6O2L2P3Ap1 / R2M3Ed1Em2G2A4O2L2P3Ap1,101,"Восточная Азия (Китай, Южная Корея, Монголия)","Восточная Азия (Китай, Южная Корея, Монголия)","Воссоединение с супругом(ой), ранее приехавшим(ей) в Россию","Воссоединение с супругом(ой), ранее приехавшим(ей) в Россию",Высшее (университет),Высшее (университет),Государственная организация,Небольшая частная компания,Мужчина,Мужчина,47,45,Программист,Программист,Говорит свободно,Говорит свободно,Страна помогает России обходить санкции (параллельный экспорт),Страна помогает России обходить санкции (параллельный экспорт),В повседневной жизни носит обычную повседневную одежду,В повседневной жизни носит обычную повседневную одежду
CJ102,R5M3Ed1Em1G2A2O3L2P2Ap2 / R4M3Ed1Em2G2A6O4L1P1Ap2,102,"Средняя Азия (Узбекистан, Таджикистан, Кыргызстан)","Западная Европа (Германия, Франция, Италия)","Воссоединение с супругом(ой), ранее приехавшим(ей) в Россию","Воссоединение с супругом(ой), ранее приехавшим(ей) в Россию",Высшее (университет),Высшее (университет),Государственная организация,Небольшая частная компания,Мужчина,Мужчина,22,47,Строитель,Сфера услуг (общепит),Говорит свободно,Говорит плохо,Страна обычно голосует вместе с США в Генассамблее ООН,Страна обычно голосует вместе с Россией в Генассамблее ООН,В повседневной жизни носит традиционную национальную одежду,В повседневной жизни носит традиционную национальную одежду
CJ103,R2M2Ed2Em1G1A3O4L1P2Ap1 / R1M4Ed2Em1G1A3O4L2P2Ap2,103,"Восточная Азия (Китай, Южная Корея, Монголия)","Африка (Нигерия, ЮАР, Кения)",Бегство от политических преследований,Поиск работы,Среднее (школа),Среднее (школа),Государственная организация,Государственная организация,Женщина,Женщина,23,23,Сфера услуг (общепит),Сфера услуг (общепит),Говорит плохо,Говорит свободно,Страна обычно голосует вместе с США в Генассамблее ООН,Страна обычно голосует вместе с США в Генассамблее ООН,В повседневной жизни носит обычную повседневную одежду,В повседневной жизни носит традиционную национальную одежду
CJ104,R3M2Ed1Em1G1A3O2L2P2Ap2 / R3M2Ed1Em2G1A3O3L2P4Ap2,104,"Восточная Европа (Беларусь, Молдова, Украина)","Восточная Европа (Беларусь, Молдова, Украина)",Бегство от политических преследований,Бегство от политических преследований,Высшее (университет),Высшее (университет),Государственная организация,Небольшая частная компания,Женщина,Женщина,23,23,Программист,Строитель,Говорит свободно,Говорит свободно,Страна обычно голосует вместе с США в Генассамблее ООН,Страна присоединилась к санкциям против России,В повседневной жизни носит традиционную национальную одежду,В повседневной жизни носит традиционную национальную одежду
CJ105,R1M4Ed2Em1G2A6O3L2P2Ap2 / R1M4Ed1Em1G1A6O2L2P2Ap1,105,"Африка (Нигерия, ЮАР, Кения)","Африка (Нигерия, ЮАР, Кения)",Поиск работы,Поиск работы,Среднее (школа),Высшее (университет),Государственная организация,Государственная организация,Мужчина,Женщина,47,47,Строитель,Программист,Говорит свободно,Говорит свободно,Страна обычно голосует вместе с США в Генассамблее ООН,Страна обычно голосует вместе с США в Генассамблее ООН,В повседневной жизни носит традиционную национальную одежду,В повседневной жизни носит обычную повседневную одежду
CJ106,R1M3Ed2Em1G1A9O4L1P2Ap2 / R3M3Ed3Em1G1A9O2L1P2Ap2,106,"Африка (Нигерия, ЮАР, Кения)","Восточная Европа (Беларусь, Молдова, Украина)","Воссоединение с супругом(ой), ранее приехавшим(ей) в Россию","Воссоединение с супругом(ой), ранее приехавшим(ей) в Россию",Среднее (школа),Среднее специальное (колледж),Государственная организация,Государственная организация,Женщина,Женщина,63,63,Сфера услуг (общепит),Программист,Говорит плохо,Говорит плохо,Страна обычно голосует вместе с США в Генассамблее ООН,Страна обычно голосует вместе с США в Генассамблее ООН,В повседневной жизни носит традиционную национальную одежду,В повседневной жизни носит традиционную национальную одежду
CJ107,R5M4Ed1Em1G1A7O4L2P2Ap2 / R7M3Ed1Em1G1A2O2L1P2Ap2,107,"Средняя Азия (Узбекистан, Таджикистан, Кыргызстан)","Южный Кавказ (Армения, Азербайджан, Грузия)",Поиск работы,"Воссоединение с супругом(ой), ранее приехавшим(ей) в Россию",Высшее (университет),Высшее (университет),Государственная организация,Государственная организация,Женщина,Женщина,61,22,Сфера услуг (общепит),Программист,Говорит свободно,Говорит плохо,Страна обычно голосует вместе с США в Генассамблее ООН,Страна обычно голосует вместе с США в Генассамблее ООН,В повседневной жизни носит традиционную национальную одежду,В повседневной жизни носит традиционную национальную одежду
CJ108,R2M2Ed3Em2G2A9O2L1P2Ap2 / R1M2Ed1Em2G2A6O2L1P2Ap1,108,"Восточная Азия (Китай, Южная Корея, Монголия)","Африка (Нигерия, ЮАР, Кения)",Бегство от политических преследований,Бегство от политических преследований,Среднее специальное (колледж),Высшее (университет),Небольшая частная компания,Небольшая частная компания,Мужчина,Мужчина,63,47,Программист,Программист,Говорит плохо,Говорит плохо,Страна обычно голосует вместе с США в Генассамблее ООН,Страна обычно голосует вместе с США в Генассамблее ООН,В повседневной жизни носит традиционную национальную одежду,В повседневной жизни носит обычную повседневную одежду
CJ109,R4M3Ed3Em1G1A4O3L1P4Ap2 / R4M3Ed3Em2G1A7O3L2P1Ap2,109,"Западная Европа (Германия, Франция, Италия)","Западная Европа (Германия, Франция, Италия)","Воссоединение с супругом(ой), ранее приехавшим(ей) в Россию","Воссоединение с супругом(ой), ранее приехавшим(ей) в Россию",Среднее специальное (колледж),Среднее специальное (колледж),Государственная организация,Небольшая частная компания,Женщина,Женщина,45,61,Строитель,Строитель,Говорит плохо,Говорит свободно,Страна присоединилась к санкциям против России,Страна обычно голосует вместе с Россией в Генассамблее ООН,В повседневной жизни носит традиционную национальную одежду,В повседневной жизни носит традиционную национальную одежду
CJ110,R2M1Ed2Em1G2A4O4L1P1Ap1 / R4M3Ed3Em2G2A8O2L1P1Ap1,110,"Восточная Азия (Китай, Южная Корея, Монголия)","Западная Европа (Германия, Франция, Италия)",Бегство от вооружённого конфликта,"Воссоединение с супругом(ой), ранее приехавшим(ей) в Россию",Среднее (школа),Среднее специальное (колледж),Государственная организация,Небольшая частная компания,Мужчина,Мужчина,45,62,Сфера услуг (общепит),Программист,Говорит плохо,Говорит плохо,Страна обычно голосует вместе с Россией в Генассамблее ООН,Страна обычно голосует вместе с Россией в Генассамблее ООН,В повседневной жизни носит обычную повседневную одежду,В повседневной жизни носит обычную повседневную одежду
CJ111,R5M3Ed3Em1G1A9O3L1P1Ap2 / R5M2Ed2Em2G1A9O3L1P1Ap2,111,"Средняя Азия (Узбекистан, Таджикистан, Кыргызстан)","Средняя Азия (Узбекистан, Таджикистан, Кыргызстан)","Воссоединение с супругом(ой), ранее приехавшим(ей) в Россию",Бегство от политических преследований,Среднее специальное (колледж),Среднее (школа),Государственная организация,Небольшая частная компания,Женщина,Женщина,63,63,Строитель,Строитель,Говорит плохо,Говорит плохо,Страна обычно голосует вместе с Россией в Генассамблее ООН,Страна обычно голосует вместе с Россией в Генассамблее ООН,В повседневной жизни носит традиционную национальную одежду,В повседневной жизни носит традиционную национальную одежду
CJ112,R1M4Ed1Em1G1A8O4L1P4Ap1 / R3M3Ed1Em1G1A5O4L1P1Ap1,112,"Африка (Нигерия, ЮАР, Кения)","Восточная Европа (Беларусь, Молдова, Украина)",Поиск работы,"Воссоединение с супругом(ой), ранее приехавшим(ей) в Россию",Высшее (университет),Высшее (университет),Государственная организация,Государственная организация,Женщина,Женщина,62,46,Сфера услуг (общепит),Сфера услуг (общепит),Говорит плохо,Говорит плохо,Страна присоединилась к санкциям против России,Страна обычно голосует вместе с Россией в Генассамблее ООН,В повседневной жизни носит обычную повседневную одежду,В повседневной жизни носит обычную повседневную одежду
CJ113,R5M3Ed1Em1G2A9O2L2P3Ap2 / R7M4Ed1Em2G1A2O2L1P4Ap2,113,"Средняя Азия (Узбекистан, Таджикистан, Кыргызстан)","Южный Кавказ (Армения, Азербайджан, Грузия)","Воссоединение с супругом(ой), ранее приехавшим(ей) в Россию",Поиск работы,Высшее (университет),Высшее (университет),Государственная организация,Небольшая частная компания,Мужчина,Женщина,63,22,Программист,Программист,Говорит свободно,Говорит плохо,Страна помогает России обходить санкции (параллельный экспорт),Страна присоединилась к санкциям против России,В повседневной жизни носит традиционную национальную одежду,В повседневной жизни носит традиционную национальную одежду
CJ114,R1M2Ed3Em1G1A1O4L1P2Ap1 / R1M2Ed1Em1G2A4O1L1P2Ap1,114,"Африка (Нигерия, ЮАР, Кения)","Африка (Нигерия, ЮАР, Кения)",Бегство от политических преследований,Бегство от политических преследований,Среднее специальное (колледж),Высшее (университет),Государственная организация,Государственная организация,Женщина,Мужчина,21,45,Сфера услуг (общепит),Врач,Говорит плохо,Говорит плохо,Страна обычно голосует вместе с США в Генассамблее ООН,Страна обычно голосует вместе с США в Генассамблее ООН,В повседневной жизни носит обычную повседневную одежду,В повседневной жизни носит обычную повседневную одежду
CJ115,R7M1Ed2Em2G2A5O3L2P2Ap1 / R6M1Ed3Em2G2A7O3L2P2Ap1,115,"Южный Кавказ (Армения, Азербайджан, Грузия)","Юго-Восточная Европа (Венгрия, Сербия, Болгария)",Бегство от вооружённого конфликта,Бегство от вооружённого конфликта,Среднее (школа),Среднее специальное (колледж),Небольшая частная компания,Небольшая частная компания,Мужчина,Мужчина,46,61,Строитель,Строитель,Говорит свободно,Говорит свободно,Страна обычно голосует вместе с США в Генассамблее ООН,Страна обычно голосует вместе с США в Генассамблее ООН,В повседневной жизни носит обычную повседневную одежду,В повседневной жизни носит обычную повседневную одежду
CJ116,R3M3Ed3Em1G1A3O3L2P4Ap1 / R3M2Ed3Em2G1A4O3L2P4Ap1,116,"Восточная Европа (Беларусь, Молдова, Украина)","Восточная Европа (Беларусь, Молдова, Украина)","Воссоединение с супругом(ой), ранее приехавшим(ей) в Россию",Бегство от политических преследований,Среднее специальное (колледж),Среднее специальное (колледж),Государственная организация,Небольшая частная компания,Женщина,Женщина,23,45,Строитель,Строитель,Говорит свободно,Говорит свободно,Страна присоединилась к санкциям против России,Страна присоединилась к санкциям против России,В повседневной жизни носит обычную повседневную одежду,В повседневной жизни носит обычную повседневную одежду
CJ117,R1M2Ed1Em1G1A2O4L1P2Ap2 / R3M2Ed3Em2G1A6O2L1P2Ap1,117,"Африка (Нигерия, ЮАР, Кения)","Восточная Европа (Беларусь, Молдова, Украина)",Бегство от политических преследований,Бегство от политических преследований,Высшее (университет),Среднее специальное (колледж),Государственная организация,Небольшая частная компания,Женщина,Женщина,22,47,Сфера услуг (общепит),Программист,Говорит плохо,Говорит плохо,Страна обычно голосует вместе с США в Генассамблее ООН,Страна обычно голосует вместе с США в Генассамблее ООН,В повседневной жизни носит традиционную национальную одежду,В повседневной жизни носит обычную повседневную одежду
CJ118,R2M4Ed3Em2G1A6O3L1P2Ap2 / R3M4Ed3Em2G2A6O4L1P4Ap1,118,"Восточная Азия (Китай, Южная Корея, Монголия)","Восточная Европа (Беларусь, Молдова, Украина)",Поиск работы,Поиск работы,Среднее специальное (колледж),Среднее специальное (колледж),Небольшая частная компания,Небольшая частная компания,Женщина,Мужчина,47,47,Строитель,Сфера услуг (общепит),Говорит плохо,Говорит плохо,Страна обычно голосует вместе с США в Генассамблее ООН,Страна присоединилась к санкциям против России,В повседневной жизни носит традиционную национальную одежду,В повседневной жизни носит обычную повседневную одежду
CJ119,R5M4Ed3Em1G2A7O3L2P2Ap1 / R6M4Ed2Em1G1A7O3L2P2Ap1,119,"Средняя Азия (Узбекистан, Таджикистан, Кыргызстан)","Юго-Восточная Европа (Венгрия, Сербия, Болгария)",Поиск работы,Поиск работы,Среднее специальное (колледж),Среднее (школа),Государственная организация,Государственная организация,Мужчина,Женщина,61,61,Строитель,Строитель,Говорит свободно,Говорит свободно,Страна обычно голосует вместе с США в Генассамблее ООН,Страна обычно голосует вместе с США в Генассамблее ООН,В повседневной жизни носит обычную повседневную одежду,В повседневной жизни носит обычную повседневную одежду
CJ120,R3M1Ed1Em2G1A3O4L2P1Ap2 / R3M2Ed1Em1G1A8O1L2P1Ap2,120,"Восточная Европа (Беларусь, Молдова, Украина)","Восточная Европа (Беларусь, Молдова, Украина)",Бегство от вооружённого конфликта,Бегство от политических преследований,Высшее (университет),Высшее (университет),Небольшая частная компания,Государственная организация,Женщина,Женщина,23,62,Сфера услуг (общепит),Врач,Говорит свободно,Говорит свободно,Страна обычно голосует вместе с Россией в Генассамблее ООН,Страна обычно голосует вместе с Россией в Генассамблее ООН,В повседневной жизни носит традиционную национальную одежду,В повседневной жизни носит традиционную национальную одежду
CJ121,R7M1Ed3Em2G1A8O3L1P1Ap2 / R3M1Ed2Em2G1A6O2L1P1Ap1,121,"Южный Кавказ (Армения, Азербайджан, Грузия)","Восточная Европа (Беларусь, Молдова, Украина)",Бегство от вооружённого конфликта,Бегство от вооружённого конфликта,Среднее специальное (колледж),Среднее (школа),Небольшая частная компания,Небольшая частная компания,Женщина,Женщина,62,47,Строитель,Программист,Говорит плохо,Говорит плохо,Страна обычно голосует вместе с Россией в Генассамблее ООН,Страна обычно голосует вместе с Россией в Генассамблее ООН,В повседневной жизни носит традиционную национальную одежду,В повседневной жизни носит обычную повседневную одежду
CJ122,R2M2Ed3Em2G2A8O3L1P4Ap2 / R3M2Ed3Em2G2A5O3L2P4Ap1,122,"Восточная Азия (Китай, Южная Корея, Монголия)","Восточная Европа (Беларусь, Молдова, Украина)",Бегство от политических преследований,Бегство от политических преследований,Среднее специальное (колледж),Среднее специальное (колледж),Небольшая частная компания,Небольшая частная компания,Мужчина,Мужчина,62,46,Строитель,Строитель,Говорит плохо,Говорит свободно,Страна присоединилась к санкциям против России,Страна присоединилась к санкциям против России,В повседневной жизни носит традиционную национальную одежду,В повседневной жизни носит обычную повседневную одежду
CJ123,R1M1Ed3Em2G1A2O4L2P3Ap2 / R7M2Ed1Em2G2A4O1L2P3Ap2,123,"Африка (Нигерия, ЮАР, Кения)","Южный Кавказ (Армения, Азербайджан, Грузия)",Бегство от вооружённого конфликта,Бегство от политических преследований,Среднее специальное (колледж),Высшее (университет),Небольшая частная компания,Небольшая частная компания,Женщина,Мужчина,22,45,Сфера услуг (общепит),Врач,Говорит свободно,Говорит свободно,Страна помогает России обходить санкции (параллельный экспорт),Страна помогает России обходить санкции (параллельный экспорт),В повседневной жизни носит традиционную национальную одежду,В повседневной жизни носит традиционную национальную одежду
CJ124,R7M3Ed2Em1G1A3O2L1P3Ap2 / R3M4Ed2Em1G1A3O2L1P1Ap2,124,"Южный Кавказ (Армения, Азербайджан, Грузия)","Восточная Европа (Беларусь, Молдова, Украина)","Воссоединение с супругом(ой), ранее приехавшим(ей) в Россию",Поиск работы,Среднее (школа),Среднее (школа),Государственная организация,Государственная организация,Женщина,Женщина,23,23,Программист,Программист,Говорит плохо,Говорит плохо,Страна помогает России обходить санкции (параллельный экспорт),Страна обычно голосует вместе с Россией в Генассамблее ООН,В повседневной жизни носит традиционную национальную одежду,В повседневной жизни носит традиционную национальную одежду
CJ125,R5M2Ed2Em2G2A5O3L2P2Ap2 / R6M2Ed2Em2G2A9O3L1P2Ap2,125,"Средняя Азия (Узбекистан, Таджикистан, Кыргызстан)","Юго-Восточная Европа (Венгрия, Сербия, Болгария)",Бегство от политических преследований,Бегство от политических преследований,Среднее (школа),Среднее (школа),Небольшая частная компания,Небольшая частная компания,Мужчина,Мужчина,46,63,Строитель,Строитель,Говорит свободно,Говорит плохо,Страна обычно голосует вместе с США в Генассамблее ООН,Страна обычно голосует вместе с США в Генассамблее ООН,В повседневной жизни носит традиционную национальную одежду,В повседневной жизни носит традиционную национальную одежду
CJ126,R1M2Ed1Em2G1A2O4L1P4Ap1 / R7M4Ed1Em1G2A8O1L1P2Ap1,126,"Африка (Нигерия, ЮАР, Кения)","Южный Кавказ (Армения, Азербайджан, Грузия)",Бегство от политических преследований,Поиск работы,Высшее (университет),Высшее (университет),Небольшая частная компания,Государственная организация,Женщина,Мужчина,22,62,Сфера услуг (общепит),Врач,Говорит плохо,Говорит плохо,Страна присоединилась к санкциям против России,Страна обычно голосует вместе с США в Генассамблее ООН,В повседневной жизни носит обычную повседневную одежду,В повседневной жизни носит обычную повседневную одежду
CJ127,R1M4Ed3Em2G2A5O4L2P2Ap1 / R1M3Ed1Em1G2A9O4L2P2Ap1,127,"Африка (Нигерия, ЮАР, Кения)","Африка (Нигерия, ЮАР, Кения)",Поиск работы,"Воссоединение с супругом(ой), ранее приехавшим(ей) в Россию",Среднее специальное (колледж),Высшее (университет),Небольшая частная компания,Государственная организация,Мужчина,Мужчина,46,63,Сфера услуг (общепит),Сфера услуг (общепит),Говорит свободно,Говорит свободно,Страна обычно голосует вместе с США в Генассамблее ООН,Страна обычно голосует вместе с США в Генассамблее ООН,В повседневной жизни носит обычную повседневную одежду,В повседневной жизни носит обычную повседневную одежду
CJ128,R2M4Ed1Em1G1A6O1L1P3Ap2 / R1M1Ed1Em2G2A5O2L1P3Ap2,128,"Восточная Азия (Китай, Южная Корея, Монголия)","Африка (Нигерия, ЮАР, Кения)",Поиск работы,Бегство от вооружённого конфликта,Высшее (университет),Высшее (университет),Государственная организация,Небольшая частная компания,Женщина,Мужчина,47,46,Врач,Программист,Говорит плохо,Говорит плохо,Страна помогает России обходить санкции (параллельный экспорт),Страна помогает России обходить санкции (параллельный экспорт),В повседневной жизни носит традиционную национальную одежду,В повседневной жизни носит традиционную национальную одежду
CJ129,R3M1Ed3Em2G1A2O3L1P2Ap1 / R3M2Ed3Em1G2A3O2L2P2Ap2,129,"Восточная Европа (Беларусь, Молдова, Украина)","Восточная Европа (Беларусь, Молдова, Украина)",Бегство от вооружённого конфликта,Бегство от политических преследований,Среднее специальное (колледж),Среднее специальное (колледж),Небольшая частная компания,Государственная организация,Женщина,Мужчина,22,23,Строитель,Программист,Говорит плохо,Говорит свободно,Страна обычно голосует вместе с США в Генассамблее ООН,Страна обычно голосует вместе с США в Генассамблее ООН,В повседневной жизни носит обычную повседневную одежду,В повседневной жизни носит традиционную национальную одежду
CJ130,R2M3Ed1Em1G1A2O4L1P1Ap2 / R6M1Ed1Em2G1A1O3L1P1Ap1,130,"Восточная Азия (Китай, Южная Корея, Монголия)","Юго-Восточная Европа (Венгрия, Сербия, Болгария)","Воссоединение с супругом(ой), ранее приехавшим(ей) в Россию",Бегство от вооружённого конфликта,Высшее (университет),Высшее (университет),Государственная организация,Небольшая частная компания,Женщина,Женщина,22,21,Сфера услуг (общепит),Строитель,Говорит плохо,Говорит плохо,Страна обычно голосует вместе с Россией в Генассамблее ООН,Страна обычно голосует вместе с Россией в Генассамблее ООН,В повседневной жизни носит традиционную национальную одежду,В повседневной жизни носит обычную повседневную одежду
CJ131,R2M4Ed1Em1G2A8O1L1P3Ap2 / R1M4Ed1Em2G1A5O1L2P2Ap1,131,"Восточная Азия (Китай, Южная Корея, Монголия)","Африка (Нигерия, ЮАР, Кения)",Поиск работы,Поиск работы,Высшее (университет),Высшее (университет),Государственная организация,Небольшая частная компания,Мужчина,Женщина,62,46,Врач,Врач,Говорит плохо,Говорит свободно,Страна помогает России обходить санкции (параллельный экспорт),Страна обычно голосует вместе с США в Генассамблее ООН,В повседневной жизни носит традиционную национальную одежду,В повседневной жизни носит обычную повседневную одежду
CJ132,R1M4Ed2Em2G2A5O2L2P2Ap2 / R1M3Ed2Em2G1A5O2L2P2Ap1,132,"Африка (Нигерия, ЮАР, Кения)","Африка (Нигерия, ЮАР, Кения)",Поиск работы,"Воссоединение с супругом(ой), ранее приехавшим(ей) в Россию",Среднее (школа),Среднее (школа),Небольшая частная компания,Небольшая частная компания,Мужчина,Женщина,46,46,Программист,Программист,Говорит свободно,Говорит свободно,Страна обычно голосует вместе с США в Генассамблее ООН,Страна обычно голосует вместе с США в Генассамблее ООН,В повседневной жизни носит традиционную национальную одежду,В повседневной жизни носит обычную повседневную одежду
CJ133,R3M3Ed1Em1G2A4O2L2P2Ap1 / R3M3Ed1Em2G2A6O1L2P2Ap2,133,"Восточная Европа (Беларусь, Молдова, Украина)","Восточная Европа (Беларусь, Молдова, Украина)","Воссоединение с супругом(ой), ранее приехавшим(ей) в Россию","Воссоединение с супругом(ой), ранее приехавшим(ей) в Россию",Высшее (университет),Высшее (университет),Государственная организация,Небольшая частная компания,Мужчина,Мужчина,45,47,Программист,Врач,Говорит свободно,Говорит свободно,Страна обычно голосует вместе с США в Генассамблее ООН,Страна обычно голосует вместе с США в Генассамблее ООН,В повседневной жизни носит обычную повседневную одежду,В повседневной жизни носит традиционную национальную одежду
CJ134,R1M4Ed1Em2G1A4O2L2P3Ap2 / R7M4Ed1Em1G1A4O1L2P1Ap2,134,"Африка (Нигерия, ЮАР, Кения)","Южный Кавказ (Армения, Азербайджан, Грузия)",Поиск работы,Поиск работы,Высшее (университет),Высшее (университет),Небольшая частная компания,Государственная организация,Женщина,Женщина,45,45,Программист,Врач,Говорит свободно,Говорит свободно,Страна помогает России обходить санкции (параллельный экспорт),Страна обычно голосует вместе с Россией в Генассамблее ООН,В повседневной жизни носит традиционную национальную одежду,В повседневной жизни носит традиционную национальную одежду
CJ135,R2M1Ed1Em2G2A6O2L1P3Ap2 / R7M3Ed2Em2G2A7O2L1P3Ap2,135,"Восточная Азия (Китай, Южная Корея, Монголия)","Южный Кавказ (Армения, Азербайджан, Грузия)",Бегство от вооружённого конфликта,"Воссоединение с супругом(ой), ранее приехавшим(ей) в Россию",Высшее (университет),Среднее (школа),Небольшая частная компания,Небольшая частная компания,Мужчина,Мужчина,47,61,Программист,Программист,Говорит плохо,Говорит плохо,Страна помогает России обходить санкции (параллельный экспорт),Страна помогает России обходить санкции (параллельный экспорт),В повседневной жизни носит традиционную национальную одежду,В повседневной жизни носит традиционную национальную одежду
CJ136,R7M4Ed2Em2G2A2O3L2P3Ap2 / R7M4Ed3Em2G2A7O4L2P3Ap2,136,"Южный Кавказ (Армения, Азербайджан, Грузия)","Южный Кавказ (Армения, Азербайджан, Грузия)",Поиск работы,Поиск работы,Среднее (школа),Среднее специальное (колледж),Небольшая частная компания,Небольшая частная компания,Мужчина,Мужчина,22,61,Строитель,Сфера услуг (общепит),Говорит свободно,Говорит свободно,Страна помогает России обходить санкции (параллельный экспорт),Страна помогает России обходить санкции (параллельный экспорт),В повседневной жизни носит традиционную национальную одежду,В повседневной жизни носит традиционную национальную одежду
CJ137,R1M2Ed2Em1G1A8O2L2P1Ap2 / R6M2Ed1Em1G2A3O2L2P1Ap1,137,"Африка (Нигерия, ЮАР, Кения)","Юго-Восточная Европа (Венгрия, Сербия, Болгария)",Бегство от политических преследований,Бегство от политических преследований,Среднее (школа),Высшее (университет),Государственная организация,Государственная организация,Женщина,Мужчина,62,23,Программист,Программист,Говорит свободно,Говорит свободно,Страна обычно голосует вместе с Россией в Генассамблее ООН,Страна обычно голосует вместе с Россией в Генассамблее ООН,В повседневной жизни носит традиционную национальную одежду,В повседневной жизни носит обычную повседневную одежду
CJ138,R6M2Ed3Em1G2A9O4L2P2Ap1 / R4M2Ed3Em2G1A4O2L2P2Ap1,138,"Юго-Восточная Европа (Венгрия, Сербия, Болгария)","Западная Европа (Германия, Франция, Италия)",Бегство от политических преследований,Бегство от политических преследований,Среднее специальное (колледж),Среднее специальное (колледж),Государственная организация,Небольшая частная компания,Мужчина,Женщина,63,45,Сфера услуг (общепит),Программист,Говорит свободно,Говорит свободно,Страна обычно голосует вместе с США в Генассамблее ООН,Страна обычно голосует вместе с США в Генассамблее ООН,В повседневной жизни носит обычную повседневную одежду,В повседневной жизни носит обычную повседневную одежду
CJ139,R2M1Ed2Em2G1A2O4L1P3Ap1 / R5M2Ed2Em2G2A2O2L2P2Ap1,139,"Восточная Азия (Китай, Южная Корея, Монголия)","Средняя Азия (Узбекистан, Таджикистан, Кыргызстан)",Бегство от вооружённого конфликта,Бегство от политических преследований,Среднее (школа),Среднее (школа),Небольшая частная компания,Небольшая частная компания,Женщина,Мужчина,22,22,Сфера услуг (общепит),Программист,Говорит плохо,Говорит свободно,Страна помогает России обходить санкции (параллельный экспорт),Страна обычно голосует вместе с США в Генассамблее ООН,В повседневной жизни носит обычную повседневную одежду,В повседневной жизни носит обычную повседневную одежду
CJ140,R2M1Ed1Em1G1A7O1L2P4Ap2 / R2M1Ed1Em2G1A5O1L2P1Ap2,140,"Восточная Азия (Китай, Южная Корея, Монголия)","Восточная Азия (Китай, Южная Корея, Монголия)",Бегство от вооружённого конфликта,Бегство от вооружённого конфликта,Высшее (университет),Высшее (университет),Государственная организация,Небольшая частная компания,Женщина,Женщина,61,46,Врач,Врач,Говорит свободно,Говорит свободно,Страна присоединилась к санкциям против России,Страна обычно голосует вместе с Россией в Генассамблее ООН,В повседневной жизни носит традиционную национальную одежду,В повседневной жизни носит традиционную национальную одежду
CJ141,R7M3Ed3Em2G1A1O4L1P4Ap1 / R3M3Ed3Em2G2A8O4L2P4Ap1,141,"Южный Кавказ (Армения, Азербайджан, Грузия)","Восточная Европа (Беларусь, Молдова, Украина)","Воссоединение с супругом(ой), ранее приехавшим(ей) в Россию","Воссоединение с супругом(ой), ранее приехавшим(ей) в Россию",Среднее специальное (колледж),Среднее специальное (колледж),Небольшая частная компания,Небольшая частная компания,Женщина,Мужчина,21,62,Сфера услуг (общепит),Сфера услуг (общепит),Говорит плохо,Говорит свободно,Страна присоединилась к санкциям против России,Страна присоединилась к санкциям против России,В повседневной жизни носит обычную повседневную одежду,В повседневной жизни носит обычную повседневную одежду
CJ142,R7M1Ed3Em1G2A9O2L2P4Ap2 / R3M1Ed3Em2G1A9O3L1P1Ap2,142,"Южный Кавказ (Армения, Азербайджан, Грузия)","Восточная Европа (Беларусь, Молдова, Украина)",Бегство от вооружённого конфликта,Бегство от вооружённого конфликта,Среднее специальное (колледж),Среднее специальное (колледж),Государственная организация,Небольшая частная компания,Мужчина,Женщина,63,63,Программист,Строитель,Говорит свободно,Говорит плохо,Страна присоединилась к санкциям против России,Страна обычно голосует вместе с Россией в Генассамблее ООН,В повседневной жизни носит традиционную национальную одежду,В повседневной жизни носит традиционную национальную одежду
CJ143,R1M3Ed1Em2G2A6O4L2P2Ap1 / R7M4Ed1Em2G1A6O2L2P1Ap1,143,"Африка (Нигерия, ЮАР, Кения)","Южный Кавказ (Армения, Азербайджан, Грузия)","Воссоединение с супругом(ой), ранее приехавшим(ей) в Россию",Поиск работы,Высшее (университет),Высшее (университет),Небольшая частная компания,Небольшая частная компания,Мужчина,Женщина,47,47,Сфера услуг (общепит),Программист,Говорит свободно,Говорит свободно,Страна обычно голосует вместе с США в Генассамблее ООН,Страна обычно голосует вместе с Россией в Генассамблее ООН,В повседневной жизни носит обычную повседневную одежду,В повседневной жизни носит обычную повседневную одежду
CJ144,R2M4Ed1Em2G2A2O4L1P2Ap2 / R6M3Ed1Em2G2A8O4L1P1Ap2,144,"Восточная Азия (Китай, Южная Корея, Монголия)","Юго-Восточная Европа (Венгрия, Сербия, Болгария)",Поиск работы,"Воссоединение с супругом(ой), ранее приехавшим(ей) в Россию",Высшее (университет),Высшее (университет),Небольшая частная компания,Небольшая частная компания,Мужчина,Мужчина,22,62,Сфера услуг (общепит),Сфера услуг (общепит),Говорит плохо,Говорит плохо,Страна обычно голосует вместе с США в Генассамблее ООН,Страна обычно голосует вместе с Россией в Генассамблее ООН,В повседневной жизни носит традиционную национальную одежду,В повседневной жизни носит традиционную национальную одежду
CJ145,R2M1Ed1Em2G2A4O2L2P3Ap2 / R2M2Ed1Em2G2A2O2L1P2Ap2,145,"Восточная Азия (Китай, Южная Корея, Монголия)","Восточная Азия (Китай, Южная Корея, Монголия)",Бегство от вооружённого конфликта,Бегство от политических преследований,Высшее (университет),Высшее (университет),Небольшая частная компания,Небольшая частная компания,Мужчина,Мужчина,45,22,Программист,Программист,Говорит свободно,Говорит плохо,Страна помогает России обходить санкции (параллельный экспорт),Страна обычно голосует вместе с США в Генассамблее ООН,В повседневной жизни носит традиционную национальную одежду,В повседневной жизни носит традиционную национальную одежду
CJ146,R5M4Ed2Em2G1A2O4L1P1Ap2 / R6M4Ed2Em2G2A9O4L1P2Ap1,146,"Средняя Азия (Узбекистан, Таджикистан, Кыргызстан)","Юго-Восточная Европа (Венгрия, Сербия, Болгария)",Поиск работы,Поиск работы,Среднее (школа),Среднее (школа),Небольшая частная компания,Небольшая частная компания,Женщина,Мужчина,22,63,Сфера услуг (общепит),Сфера услуг (общепит),Говорит плохо,Говорит плохо,Страна обычно голосует вместе с Россией в Генассамблее ООН,Страна обычно голосует вместе с США в Генассамблее ООН,В повседневной жизни носит традиционную национальную одежду,В повседневной жизни носит обычную повседневную одежду
CJ147,R6M1Ed3Em1G2A6O2L1P1Ap1 / R6M1Ed3Em1G1A1O2L2P1Ap2,147,"Юго-Восточная Европа (Венгрия, Сербия, Болгария)","Юго-Восточная Европа (Венгрия, Сербия, Болгария)",Бегство от вооружённого конфликта,Бегство от вооружённого конфликта,Среднее специальное (колледж),Среднее специальное (колледж),Государственная организация,Государственная организация,Мужчина,Женщина,47,21,Программист,Программист,Говорит плохо,Говорит свободно,Страна обычно голосует вместе с Россией в Генассамблее ООН,Страна обычно голосует вместе с Россией в Генассамблее ООН,В повседневной жизни носит обычную повседневную одежду,В повседневной жизни носит традиционную национальную одежду
CJ148,R7M1Ed2Em2G1A2O4L2P1Ap1 / R6M1Ed3Em2G1A1O4L1P2Ap1,148,"Южный Кавказ (Армения, Азербайджан, Грузия)","Юго-Восточная Европа (Венгрия, Сербия, Болгария)",Бегство от вооружённого конфликта,Бегство от вооружённого конфликта,Среднее (школа),Среднее специальное (колледж),Небольшая частная компания,Небольшая частная компания,Женщина,Женщина,22,21,Сфера услуг (общепит),Сфера услуг (общепит),Говорит свободно,Говорит плохо,Страна обычно голосует вместе с Россией в Генассамблее ООН,Страна обычно голосует вместе с США в Генассамблее ООН,В повседневной жизни носит обычную повседневную одежду,В повседневной жизни носит обычную повседневную одежду
CJ149,R7M3Ed2Em2G2A6O2L1P3Ap2 / R4M2Ed2Em2G2A2O2L1P4Ap2,149,"Южный Кавказ (Армения, Азербайджан, Грузия)","Западная Европа (Германия, Франция, Италия)","Воссоединение с супругом(ой), ранее приехавшим(ей) в Россию",Бегство от политических преследований,Среднее (школа),Среднее (школа),Небольшая частная компания,Небольшая частная компания,Мужчина,Мужчина,47,22,Программист,Программист,Говорит плохо,Говорит плохо,Страна помогает России обходить санкции (параллельный экспорт),Страна присоединилась к санкциям против России,В повседневной жизни носит традиционную национальную одежду,В повседневной жизни носит традиционную национальную одежду
CJ150,R2M2Ed3Em2G1A7O3L2P2Ap2 / R4M2Ed3Em1G1A9O3L2P2Ap2,150,"Восточная Азия (Китай, Южная Корея, Монголия)","Западная Европа (Германия, Франция, Италия)",Бегство от политических преследований,Бегство от политических преследований,Среднее специальное (колледж),Среднее специальное (колледж),Небольшая частная компания,Государственная организация,Женщина,Женщина,61,63,Строитель,Строитель,Говорит свободно,Говорит свободно,Страна обычно голосует вместе с США в Генассамблее ООН,Страна обычно голосует вместе с США в Генассамблее ООН,В повседневной жизни носит традиционную национальную одежду,В повседневной жизни носит традиционную национальную одежду
CJ151,R7M4Ed2Em1G2A6O2L1P3Ap1 / R7M4Ed3Em1G1A6O4L1P1Ap1,151,"Южный Кавказ (Армения, Азербайджан, Грузия)","Южный Кавказ (Армения, Азербайджан, Грузия)",Поиск работы,Поиск работы,Среднее (школа),Среднее специальное (колледж),Государственная организация,Государственная организация,Мужчина,Женщина,47,47,Программист,Сфера услуг (общепит),Говорит плохо,Говорит плохо,Страна помогает России обходить санкции (параллельный экспорт),Страна обычно голосует вместе с Россией в Генассамблее ООН,В повседневной жизни носит обычную повседневную одежду,В повседневной жизни носит обычную повседневную одежду
CJ152,R7M1Ed3Em2G1A9O2L2P3Ap1 / R6M3Ed3Em2G1A6O2L1P2Ap1,152,"Южный Кавказ (Армения, Азербайджан, Грузия)","Юго-Восточная Европа (Венгрия, Сербия, Болгария)",Бегство от вооружённого конфликта,"Воссоединение с супругом(ой), ранее приехавшим(ей) в Россию",Среднее специальное (колледж),Среднее специальное (колледж),Небольшая частная компания,Небольшая частная компания,Женщина,Женщина,63,47,Программист,Программист,Говорит свободно,Говорит плохо,Страна помогает России обходить санкции (параллельный экспорт),Страна обычно голосует вместе с США в Генассамблее ООН,В повседневной жизни носит обычную повседневную одежду,В повседневной жизни носит обычную повседневную одежду
CJ153,R3M2Ed3Em2G1A8O2L1P4Ap1 / R4M2Ed3Em1G1A3O4L2P4Ap1,153,"Восточная Европа (Беларусь, Молдова, Украина)","Западная Европа (Германия, Франция, Италия)",Бегство от политических преследований,Бегство от политических преследований,Среднее специальное (колледж),Среднее специальное (колледж),Небольшая частная компания,Государственная организация,Женщина,Женщина,62,23,Программист,Сфера услуг (общепит),Говорит плохо,Говорит свободно,Страна присоединилась к санкциям против России,Страна присоединилась к санкциям против России,В повседневной жизни носит обычную повседневную одежду,В повседневной жизни носит обычную повседневную одежду
CJ154,R7M4Ed3Em2G2A9O3L1P4Ap2 / R7M4Ed1Em2G2A5O1L2P4Ap1,154,"Южный Кавказ (Армения, Азербайджан, Грузия)","Южный Кавказ (Армения, Азербайджан, Грузия)",Поиск работы,Поиск работы,Среднее специальное (колледж),Высшее (университет),Небольшая частная компания,Небольшая частная компания,Мужчина,Мужчина,63,46,Строитель,Врач,Говорит плохо,Говорит свободно,Страна присоединилась к санкциям против России,Страна присоединилась к санкциям против России,В повседневной жизни носит традиционную национальную одежду,В повседневной жизни носит обычную повседневную одежду
CJ155,R5M3Ed2Em1G1A7O2L2P1Ap1 / R5M3Ed2Em2G1A6O2L2P1Ap1,155,"Средняя Азия (Узбекистан, Таджикистан, Кыргызстан)","Средняя Азия (Узбекистан, Таджикистан, Кыргызстан)","Воссоединение с супругом(ой), ранее приехавшим(ей) в Россию","Воссоединение с супругом(ой), ранее приехавшим(ей) в Россию",Среднее (школа),Среднее (школа),Государственная организация,Небольшая частная компания,Женщина,Женщина,61,47,Программист,Программист,Говорит свободно,Говорит свободно,Страна обычно голосует вместе с Россией в Генассамблее ООН,Страна обычно голосует вместе с Россией в Генассамблее ООН,В повседневной жизни носит обычную повседневную одежду,В повседневной жизни носит обычную повседневную одежду
CJ156,R2M2Ed2Em2G1A3O2L2P2Ap2 / R5M4Ed2Em1G2A2O4L1P2Ap1,156,"Восточная Азия (Китай, Южная Корея, Монголия)","Средняя Азия (Узбекистан, Таджикистан, Кыргызстан)",Бегство от политических преследований,Поиск работы,Среднее (школа),Среднее (школа),Небольшая частная компания,Государственная организация,Женщина,Мужчина,23,22,Программист,Сфера услуг (общепит),Говорит свободно,Говорит плохо,Страна обычно голосует вместе с США в Генассамблее ООН,Страна обычно голосует вместе с США в Генассамблее ООН,В повседневной жизни носит традиционную национальную одежду,В повседневной жизни носит обычную повседневную одежду
CJ157,R7M2Ed1Em1G1A5O2L2P1Ap1 / R4M2Ed1Em2G1A2O3L2P1Ap1,157,"Южный Кавказ (Армения, Азербайджан, Грузия)","Западная Европа (Германия, Франция, Италия)",Бегство от политических преследований,Бегство от политических преследований,Высшее (университет),Высшее (университет),Государственная организация,Небольшая частная компания,Женщина,Женщина,46,22,Программист,Строитель,Говорит свободно,Говорит свободно,Страна обычно голосует вместе с Россией в Генассамблее ООН,Страна обычно голосует вместе с Россией в Генассамблее ООН,В повседневной жизни носит обычную повседневную одежду,В повседневной жизни носит обычную повседневную одежду
CJ158,R1M1Ed3Em1G2A1O2L1P1Ap1 / R7M2Ed3Em2G2A1O3L1P1Ap1,158,"Африка (Нигерия, ЮАР, Кения)","Южный Кавказ (Армения, Азербайджан, Грузия)",Бегство от вооружённого конфликта,Бегство от политических преследований,Среднее специальное (колледж),Среднее специальное (колледж),Государственная организация,Небольшая частная компания,Мужчина,Мужчина,21,21,Программист,Строитель,Говорит плохо,Говорит плохо,Страна обычно голосует вместе с Россией в Генассамблее ООН,Страна обычно голосует вместе с Россией в Генассамблее ООН,В повседневной жизни носит обычную повседневную одежду,В повседневной жизни носит обычную повседневную одежду
CJ159,R2M4Ed2Em2G2A8O3L1P1Ap2 / R3M3Ed2Em1G2A6O2L2P1Ap1,159,"Восточная Азия (Китай, Южная Корея, Монголия)","Восточная Европа (Беларусь, Молдова, Украина)",Поиск работы,"Воссоединение с супругом(ой), ранее приехавшим(ей) в Россию",Среднее (школа),Среднее (школа),Небольшая частная компания,Государственная организация,Мужчина,Мужчина,62,47,Строитель,Программист,Говорит плохо,Говорит свободно,Страна обычно голосует вместе с Россией в Генассамблее ООН,Страна обычно голосует вместе с Россией в Генассамблее ООН,В повседневной жизни носит традиционную национальную одежду,В повседневной жизни носит обычную повседневную одежду
CJ160,R4M4Ed1Em1G2A5O4L1P2Ap1 / R4M2Ed1Em1G1A7O4L1P2Ap1,160,"Западная Европа (Германия, Франция, Италия)","Западная Европа (Германия, Франция, Италия)",Поиск работы,Бегство от политических преследований,Высшее (университет),Высшее (университет),Государственная организация,Государственная организация,Мужчина,Женщина,46,61,Сфера услуг (общепит),Сфера услуг (общепит),Говорит плохо,Говорит плохо,Страна обычно голосует вместе с США в Генассамблее ООН,Страна обычно голосует вместе с США в Генассамблее ООН,В повседневной жизни носит обычную повседневную одежду,В повседневной жизни носит обычную повседневную одежду
CJ161,R1M4Ed3Em2G2A5O4L2P2Ap1 / R1M2Ed3Em1G2A7O4L2P2Ap1,161,"Африка (Нигерия, ЮАР, Кения)","Африка (Нигерия, ЮАР, Кения)",Поиск работы,Бегство от политических преследований,Среднее специальное (колледж),Среднее специальное (колледж),Небольшая частная компания,Государственная организация,Мужчина,Мужчина,46,61,Сфера услуг (общепит),Сфера услуг (общепит),Говорит свободно,Говорит свободно,Страна обычно голосует вместе с США в Генассамблее ООН,Страна обычно голосует вместе с США в Генассамблее ООН,В повседневной жизни носит обычную повседневную одежду,В повседневной жизни носит обычную повседневную одежду
CJ162,R3M1Ed2Em1G2A3O2L2P1Ap1 / R3M1Ed1Em2G1A5O3L2P4Ap1,162,"Восточная Европа (Беларусь, Молдова, Украина)","Восточная Европа (Беларусь, Молдова, Украина)",Бегство от вооружённого конфликта,Бегство от вооружённого конфликта,Среднее (школа),Высшее (университет),Государственная организация,Небольшая частная компания,Мужчина,Женщина,23,46,Программист,Строитель,Говорит свободно,Говорит свободно,Страна обычно голосует вместе с Россией в Генассамблее ООН,Страна присоединилась к санкциям против России,В повседневной жизни носит обычную повседневную одежду,В повседневной жизни носит обычную повседневную одежду
CJ163,R1M4Ed1Em2G2A3O4L1P3Ap2 / R1M3Ed1Em1G2A3O2L1P3Ap2,163,"Африка (Нигерия, ЮАР, Кения)","Африка (Нигерия, ЮАР, Кения)",Поиск работы,"Воссоединение с супругом(ой), ранее приехавшим(ей) в Россию",Высшее (университет),Высшее (университет),Небольшая частная компания,Государственная организация,Мужчина,Мужчина,23,23,Сфера услуг (общепит),Программист,Говорит плохо,Говорит плохо,Страна помогает России обходить санкции (параллельный экспорт),Страна помогает России обходить санкции (параллельный экспорт),В повседневной жизни носит традиционную национальную одежду,В повседневной жизни носит традиционную национальную одежду
CJ164,R7M3Ed1Em2G1A1O2L1P3Ap1 / R7M1Ed1Em1G1A9O3L2P4Ap2,164,"Южный Кавказ (Армения, Азербайджан, Грузия)","Южный Кавказ (Армения, Азербайджан, Грузия)","Воссоединение с супругом(ой), ранее приехавшим(ей) в Россию",Бегство от вооружённого конфликта,Высшее (университет),Высшее (университет),Небольшая частная компания,Государственная организация,Женщина,Женщина,21,63,Программист,Строитель,Говорит плохо,Говорит свободно,Страна помогает России обходить санкции (параллельный экспорт),Страна присоединилась к санкциям против России,В повседневной жизни носит обычную повседневную одежду,В повседневной жизни носит традиционную национальную одежду
CJ165,R1M4Ed3Em2G1A8O3L1P4Ap2 / R6M1Ed3Em1G1A8O3L1P4Ap2,165,"Африка (Нигерия, ЮАР, Кения)","Юго-Восточная Европа (Венгрия, Сербия, Болгария)",Поиск работы,Бегство от вооружённого конфликта,Среднее специальное (колледж),Среднее специальное (колледж),Небольшая частная компания,Государственная организация,Женщина,Женщина,62,62,Строитель,Строитель,Говорит плохо,Говорит плохо,Страна присоединилась к санкциям против России,Страна присоединилась к санкциям против России,В повседневной жизни носит традиционную национальную одежду,В повседневной жизни носит традиционную национальную одежду
CJ166,R7M3Ed2Em1G2A1O2L1P2Ap1 / R7M3Ed3Em2G2A1O4L1P4Ap1,166,"Южный Кавказ (Армения, Азербайджан, Грузия)","Южный Кавказ (Армения, Азербайджан, Грузия)","Воссоединение с супругом(ой), ранее приехавшим(ей) в Россию","Воссоединение с супругом(ой), ранее приехавшим(ей) в Россию",Среднее (школа),Среднее специальное (колледж),Государственная организация,Небольшая частная компания,Мужчина,Мужчина,21,21,Программист,Сфера услуг (общепит),Говорит плохо,Говорит плохо,Страна обычно голосует вместе с США в Генассамблее ООН,Страна присоединилась к санкциям против России,В повседневной жизни носит обычную повседневную одежду,В повседневной жизни носит обычную повседневную одежду
CJ167,R3M3Ed1Em2G1A4O4L1P2Ap1 / R3M2Ed3Em2G1A6O2L1P2Ap1,167,"Восточная Европа (Беларусь, Молдова, Украина)","Восточная Европа (Беларусь, Молдова, Украина)","Воссоединение с супругом(ой), ранее приехавшим(ей) в Россию",Бегство от политических преследований,Высшее (университет),Среднее специальное (колледж),Небольшая частная компания,Небольшая частная компания,Женщина,Женщина,45,47,Сфера услуг (общепит),Программист,Говорит плохо,Говорит плохо,Страна обычно голосует вместе с США в Генассамблее ООН,Страна обычно голосует вместе с США в Генассамблее ООН,В повседневной жизни носит обычную повседневную одежду,В повседневной жизни носит обычную повседневную одежду
CJ168,R2M1Ed2Em2G2A4O2L1P3Ap2 / R2M1Ed2Em2G1A7O2L1P3Ap2,168,"Восточная Азия (Китай, Южная Корея, Монголия)","Восточная Азия (Китай, Южная Корея, Монголия)",Бегство от вооружённого конфликта,Бегство от вооружённого конфликта,Среднее (школа),Среднее (школа),Небольшая частная компания,Небольшая частная компания,Мужчина,Женщина,45,61,Программист,Программист,Говорит плохо,Говорит плохо,Страна помогает России обходить санкции (параллельный экспорт),Страна помогает России обходить санкции (параллельный экспорт),В повседневной жизни носит традиционную национальную одежду,В повседневной жизни носит традиционную национальную одежду
CJ169,R1M1Ed2Em2G2A1O2L2P2Ap1 / R7M2Ed2Em1G2A5O4L2P2Ap2,169,"Африка (Нигерия, ЮАР, Кения)","Южный Кавказ (Армения, Азербайджан, Грузия)",Бегство от вооружённого конфликта,Бегство от политических преследований,Среднее (школа),Среднее (школа),Небольшая частная компания,Государственная организация,Мужчина,Мужчина,21,46,Программист,Сфера услуг (общепит),Говорит свободно,Говорит свободно,Страна обычно голосует вместе с США в Генассамблее ООН,Страна обычно голосует вместе с США в Генассамблее ООН,В повседневной жизни носит обычную повседневную одежду,В повседневной жизни носит традиционную национальную одежду
CJ170,R1M2Ed2Em1G2A1O3L2P2Ap1 / R7M2Ed2Em2G2A9O3L1P1Ap1,170,"Африка (Нигерия, ЮАР, Кения)","Южный Кавказ (Армения, Азербайджан, Грузия)",Бегство от политических преследований,Бегство от политических преследований,Среднее (школа),Среднее (школа),Государственная организация,Небольшая частная компания,Мужчина,Мужчина,21,63,Строитель,Строитель,Говорит свободно,Говорит плохо,Страна обычно голосует вместе с США в Генассамблее ООН,Страна обычно голосует вместе с Россией в Генассамблее ООН,В повседневной жизни носит обычную повседневную одежду,В повседневной жизни носит обычную повседневную одежду
CJ171,R1M3Ed1Em1G1A4O2L1P3Ap2 / R1M3Ed1Em2G1A6O2L1P2Ap1,171,"Африка (Нигерия, ЮАР, Кения)","Африка (Нигерия, ЮАР, Кения)","Воссоединение с супругом(ой), ранее приехавшим(ей) в Россию","Воссоединение с супругом(ой), ранее приехавшим(ей) в Россию",Высшее (университет),Высшее (университет),Государственная организация,Небольшая частная компания,Женщина,Женщина,45,47,Программист,Программист,Говорит плохо,Говорит плохо,Страна помогает России обходить санкции (параллельный экспорт),Страна обычно голосует вместе с США в Генассамблее ООН,В повседневной жизни носит традиционную национальную одежду,В повседневной жизни носит обычную повседневную одежду
CJ172,R2M2Ed2Em2G2A5O2L2P1Ap2 / R6M1Ed1Em2G2A1O2L1P1Ap2,172,"Восточная Азия (Китай, Южная Корея, Монголия)","Юго-Восточная Европа (Венгрия, Сербия, Болгария)",Бегство от политических преследований,Бегство от вооружённого конфликта,Среднее (школа),Высшее (университет),Небольшая частная компания,Небольшая частная компания,Мужчина,Мужчина,46,21,Программист,Программист,Говорит свободно,Говорит плохо,Страна обычно голосует вместе с Россией в Генассамблее ООН,Страна обычно голосует вместе с Россией в Генассамблее ООН,В повседневной жизни носит традиционную национальную одежду,В повседневной жизни носит традиционную национальную одежду
CJ173,R2M1Ed1Em2G2A3O4L2P1Ap2 / R5M2Ed1Em2G2A8O4L1P1Ap2,173,"Восточная Азия (Китай, Южная Корея, Монголия)","Средняя Азия (Узбекистан, Таджикистан, Кыргызстан)",Бегство от вооружённого конфликта,Бегство от политических преследований,Высшее (университет),Высшее (университет),Небольшая частная компания,Небольшая частная компания,Мужчина,Мужчина,23,62,Сфера услуг (общепит),Сфера услуг (общепит),Говорит свободно,Говорит плохо,Страна обычно голосует вместе с Россией в Генассамблее ООН,Страна обычно голосует вместе с Россией в Генассамблее ООН,В повседневной жизни носит традиционную национальную одежду,В повседневной жизни носит традиционную национальную одежду
CJ174,R2M3Ed2Em2G2A6O2L1P3Ap2 / R2M2Ed3Em1G2A1O2L1P4Ap2,174,"Восточная Азия (Китай, Южная Корея, Монголия)","Восточная Азия (Китай, Южная Корея, Монголия)","Воссоединение с супругом(ой), ранее приехавшим(ей) в Россию",Бегство от политических преследований,Среднее (школа),Среднее специальное (колледж),Небольшая частная компания,Государственная организация,Мужчина,Мужчина,47,21,Программист,Программист,Говорит плохо,Говорит плохо,Страна помогает России обходить санкции (параллельный экспорт),Страна присоединилась к санкциям против России,В повседневной жизни носит традиционную национальную одежду,В повседневной жизни носит традиционную национальную одежду
CJ175,R5M3Ed1Em1G1A7O1L1P1Ap1 / R5M2Ed1Em1G1A4O1L1P1Ap1,175,"Средняя Азия (Узбекистан, Таджикистан, Кыргызстан)","Средняя Азия (Узбекистан, Таджикистан, Кыргызстан)","Воссоединение с супругом(ой), ранее приехавшим(ей) в Россию",Бегство от политических преследований,Высшее (университет),Высшее (университет),Государственная организация,Государственная организация,Женщина,Женщина,61,45,Врач,Врач,Говорит плохо,Говорит плохо,Страна обычно голосует вместе с Россией в Генассамблее ООН,Страна обычно голосует вместе с Россией в Генассамблее ООН,В повседневной жизни носит обычную повседневную одежду,В повседневной жизни носит обычную повседневную одежду
CJ176,R5M3Ed2Em1G1A8O2L2P1Ap2 / R5M3Ed3Em2G1A7O3L2P3Ap2,176,"Средняя Азия (Узбекистан, Таджикистан, Кыргызстан)","Средняя Азия (Узбекистан, Таджикистан, Кыргызстан)","Воссоединение с супругом(ой), ранее приехавшим(ей) в Россию","Воссоединение с супругом(ой), ранее приехавшим(ей) в Россию",Среднее (школа),Среднее специальное (колледж),Государственная организация,Небольшая частная компания,Женщина,Женщина,62,61,Программист,Строитель,Говорит свободно,Говорит свободно,Страна обычно голосует вместе с Россией в Генассамблее ООН,Страна помогает России обходить санкции (параллельный экспорт),В повседневной жизни носит традиционную национальную одежду,В повседневной жизни носит традиционную национальную одежду
CJ177,R2M1Ed1Em2G2A3O1L1P4Ap1 / R1M1Ed3Em1G2A2O2L2P4Ap2,177,"Восточная Азия (Китай, Южная Корея, Монголия)","Африка (Нигерия, ЮАР, Кения)",Бегство от вооружённого конфликта,Бегство от вооружённого конфликта,Высшее (университет),Среднее специальное (колледж),Небольшая частная компания,Государственная организация,Мужчина,Мужчина,23,22,Врач,Программист,Говорит плохо,Говорит свободно,Страна присоединилась к санкциям против России,Страна присоединилась к санкциям против России,В повседневной жизни носит обычную повседневную одежду,В повседневной жизни носит традиционную национальную одежду
CJ178,R1M1Ed2Em1G2A4O2L1P3Ap2 / R7M4Ed2Em2G2A8O4L1P3Ap2,178,"Африка (Нигерия, ЮАР, Кения)","Южный Кавказ (Армения, Азербайджан, Грузия)",Бегство от вооружённого конфликта,Поиск работы,Среднее (школа),Среднее (школа),Государственная организация,Небольшая частная компания,Мужчина,Мужчина,45,62,Программист,Сфера услуг (общепит),Говорит плохо,Говорит плохо,Страна помогает России обходить санкции (параллельный экспорт),Страна помогает России обходить санкции (параллельный экспорт),В повседневной жизни носит традиционную национальную одежду,В повседневной жизни носит традиционную национальную одежду
CJ179,R2M4Ed1Em2G1A6O4L1P3Ap1 / R7M4Ed1Em1G2A7O1L2P4Ap1,179,"Восточная Азия (Китай, Южная Корея, Монголия)","Южный Кавказ (Армения, Азербайджан, Грузия)",Поиск работы,Поиск работы,Высшее (университет),Высшее (университет),Небольшая частная компания,Государственная организация,Женщина,Мужчина,47,61,Сфера услуг (общепит),Врач,Говорит плохо,Говорит свободно,Страна помогает России обходить санкции (параллельный экспорт),Страна присоединилась к санкциям против России,В повседневной жизни носит обычную повседневную одежду,В повседневной жизни носит обычную повседневную одежду
CJ180,R2M4Ed1Em2G1A4O1L1P1Ap1 / R5M4Ed1Em1G1A8O1L1P1Ap1,180,"Восточная Азия (Китай, Южная Корея, Монголия)","Средняя Азия (Узбекистан, Таджикистан, Кыргызстан)",Поиск работы,Поиск работы,Высшее (университет),Высшее (университет),Небольшая частная компания,Государственная организация,Женщина,Женщина,45,62,Врач,Врач,Говорит плохо,Говорит плохо,Страна обычно голосует вместе с Россией в Генассамблее ООН,Страна обычно голосует вместе с Россией в Генассамблее ООН,В повседневной жизни носит обычную повседневную одежду,В повседневной жизни носит обычную повседневную одежду
CJ181,R6M4Ed1Em2G2A5O2L2P1Ap1 / R6M3Ed2Em2G2A7O2L2P4Ap1,181,"Юго-Восточная Европа (Венгрия, Сербия, Болгария)","Юго-Восточная Европа (Венгрия, Сербия, Болгария)",Поиск работы,"Воссоединение с супругом(ой), ранее приехавшим(ей) в Россию",Высшее (университет),Среднее (школа),Небольшая частная компания,Небольшая частная компания,Мужчина,Мужчина,46,61,Программист,Программист,Говорит свободно,Говорит свободно,Страна обычно голосует вместе с Россией в Генассамблее ООН,Страна присоединилась к санкциям против России,В повседневной жизни носит обычную повседневную одежду,В повседневной жизни носит обычную повседневную одежду
CJ182,R5M3Ed3Em1G2A6O2L1P3Ap2 / R6M4Ed1Em1G1A1O2L1P2Ap1,182,"Средняя Азия (Узбекистан, Таджикистан, Кыргызстан)","Юго-Восточная Европа (Венгрия, Сербия, Болгария)","Воссоединение с супругом(ой), ранее приехавшим(ей) в Россию",Поиск работы,Среднее специальное (колледж),Высшее (университет),Государственная организация,Государственная организация,Мужчина,Женщина,47,21,Программист,Программист,Говорит плохо,Говорит плохо,Страна помогает России обходить санкции (параллельный экспорт),Страна обычно голосует вместе с США в Генассамблее ООН,В повседневной жизни носит традиционную национальную одежду,В повседневной жизни носит обычную повседневную одежду
CJ183,R1M4Ed1Em2G1A7O4L1P4Ap2 / R7M3Ed1Em2G1A3O4L1P3Ap2,183,"Африка (Нигерия, ЮАР, Кения)","Южный Кавказ (Армения, Азербайджан, Грузия)",Поиск работы,"Воссоединение с супругом(ой), ранее приехавшим(ей) в Россию",Высшее (университет),Высшее (университет),Небольшая частная компания,Небольшая частная компания,Женщина,Женщина,61,23,Сфера услуг (общепит),Сфера услуг (общепит),Говорит плохо,Говорит плохо,Страна присоединилась к санкциям против России,Страна помогает России обходить санкции (параллельный экспорт),В повседневной жизни носит традиционную национальную одежду,В повседневной жизни носит традиционную национальную одежду
CJ184,R2M3Ed2Em1G2A3O2L2P2Ap2 / R3M1Ed3Em1G1A3O2L1P2Ap2,184,"Восточная Азия (Китай, Южная Корея, Монголия)","Восточная Европа (Беларусь, Молдова, Украина)","Воссоединение с супругом(ой), ранее приехавшим(ей) в Россию",Бегство от вооружённого конфликта,Среднее (школа),Среднее специальное (колледж),Государственная организация,Государственная организация,Мужчина,Женщина,23,23,Программист,Программист,Говорит свободно,Говорит плохо,Страна обычно голосует вместе с США в Генассамблее ООН,Страна обычно голосует вместе с США в Генассамблее ООН,В повседневной жизни носит традиционную национальную одежду,В повседневной жизни носит традиционную национальную одежду
CJ185,R2M2Ed3Em2G1A9O4L2P2Ap2 / R4M4Ed1Em2G1A3O3L2P2Ap2,185,"Восточная Азия (Китай, Южная Корея, Монголия)","Западная Европа (Германия, Франция, Италия)",Бегство от политических преследований,Поиск работы,Среднее специальное (колледж),Высшее (университет),Небольшая частная компания,Небольшая частная компания,Женщина,Женщина,63,23,Сфера услуг (общепит),Строитель,Говорит свободно,Говорит свободно,Страна обычно голосует вместе с США в Генассамблее ООН,Страна обычно голосует вместе с США в Генассамблее ООН,В повседневной жизни носит традиционную национальную одежду,В повседневной жизни носит традиционную национальную одежду
CJ186,R2M2Ed3Em2G2A2O4L1P1Ap2 / R2M2Ed3Em2G1A4O2L1P1Ap2,186,"Восточная Азия (Китай, Южная Корея, Монголия)","Восточная Азия (Китай, Южная Корея, Монголия)",Бегство от политических преследований,Бегство от политических преследований,Среднее специальное (колледж),Среднее специальное (колледж),Небольшая частная компания,Небольшая частная компания,Мужчина,Женщина,22,45,Сфера услуг (общепит),Программист,Говорит плохо,Говорит плохо,Страна обычно голосует вместе с Россией в Генассамблее ООН,Страна обычно голосует вместе с Россией в Генассамблее ООН,В повседневной жизни носит традиционную национальную одежду,В повседневной жизни носит традиционную национальную одежду
CJ187,R3M4Ed2Em2G2A3O2L1P4Ap2 / R4M2Ed3Em2G2A1O3L2P4Ap1,187,"Восточная Европа (Беларусь, Молдова, Украина)","Западная Европа (Германия, Франция, Италия)",Поиск работы,Бегство от политических преследований,Среднее (школа),Среднее специальное (колледж),Небольшая частная компания,Небольшая частная компания,Мужчина,Мужчина,23,21,Программист,Строитель,Говорит плохо,Говорит свободно,Страна присоединилась к санкциям против России,Страна присоединилась к санкциям против России,В повседневной жизни носит традиционную национальную одежду,В повседневной жизни носит обычную повседневную одежду
CJ188,R1M1Ed2Em2G2A1O4L1P2Ap2 / R1M1Ed3Em2G2A2O3L2P2Ap2,188,"Африка (Нигерия, ЮАР, Кения)","Африка (Нигерия, ЮАР, Кения)",Бегство от вооружённого конфликта,Бегство от вооружённого конфликта,Среднее (школа),Среднее специальное (колледж),Небольшая частная компания,Небольшая частная компания,Мужчина,Мужчина,21,22,Сфера услуг (общепит),Строитель,Говорит плохо,Говорит свободно,Страна обычно голосует вместе с США в Генассамблее ООН,Страна обычно голосует вместе с США в Генассамблее ООН,В повседневной жизни носит традиционную национальную одежду,В повседневной жизни носит традиционную национальную одежду
CJ189,R2M2Ed3Em1G2A7O2L1P1Ap1 / R7M2Ed3Em1G2A3O2L1P3Ap1,189,"Восточная Азия (Китай, Южная Корея, Монголия)","Южный Кавказ (Армения, Азербайджан, Грузия)",Бегство от политических преследований,Бегство от политических преследований,Среднее специальное (колледж),Среднее специальное (колледж),Государственная организация,Государственная организация,Мужчина,Мужчина,61,23,Программист,Программист,Говорит плохо,Говорит плохо,Страна обычно голосует вместе с Россией в Генассамблее ООН,Страна помогает России обходить санкции (параллельный экспорт),В повседневной жизни носит обычную повседневную одежду,В повседневной жизни носит обычную повседневную одежду
CJ190,R1M4Ed3Em1G2A5O4L1P1Ap1 / R1M3Ed2Em1G1A8O4L1P1Ap2,190,"Африка (Нигерия, ЮАР, Кения)","Африка (Нигерия, ЮАР, Кения)",Поиск работы,"Воссоединение с супругом(ой), ранее приехавшим(ей) в Россию",Среднее специальное (колледж),Среднее (школа),Государственная организация,Государственная организация,Мужчина,Женщина,46,62,Сфера услуг (общепит),Сфера услуг (общепит),Говорит плохо,Говорит плохо,Страна обычно голосует вместе с Россией в Генассамблее ООН,Страна обычно голосует вместе с Россией в Генассамблее ООН,В повседневной жизни носит обычную повседневную одежду,В повседневной жизни носит традиционную национальную одежду
CJ191,R5M3Ed2Em2G1A4O2L1P1Ap2 / R5M2Ed2Em2G1A6O3L1P1Ap2,191,"Средняя Азия (Узбекистан, Таджикистан, Кыргызстан)","Средняя Азия (Узбекистан, Таджикистан, Кыргызстан)","Воссоединение с супругом(ой), ранее приехавшим(ей) в Россию",Бегство от политических преследований,Среднее (школа),Среднее (школа),Небольшая частная компания,Небольшая частная компания,Женщина,Женщина,45,47,Программист,Строитель,Говорит плохо,Говорит плохо,Страна обычно голосует вместе с Россией в Генассамблее ООН,Страна обычно голосует вместе с Россией в Генассамблее ООН,В повседневной жизни носит традиционную национальную одежду,В повседневной жизни носит традиционную национальную одежду
CJ192,R1M1Ed3Em1G2A5O3L2P2Ap1 / R1M1Ed3Em1G2A5O3L2P4Ap2,192,"Африка (Нигерия, ЮАР, Кения)","Африка (Нигерия, ЮАР, Кения)",Бегство от вооружённого конфликта,Бегство от вооружённого конфликта,Среднее специальное (колледж),Среднее специальное (колледж),Государственная организация,Государственная организация,Мужчина,Мужчина,46,46,Строитель,Строитель,Говорит свободно,Говорит свободно,Страна обычно голосует вместе с США в Генассамблее ООН,Страна присоединилась к санкциям против России,В повседневной жизни носит обычную повседневную одежду,В повседневной жизни носит традиционную национальную одежду
CJ193,R2M4Ed1Em1G2A9O4L2P1Ap1 / R2M4Ed1Em1G1A9O3L2P1Ap2,193,"Восточная Азия (Китай, Южная Корея, Монголия)","Восточная Азия (Китай, Южная Корея, Монголия)",Поиск работы,Поиск работы,Высшее (университет),Высшее (университет),Государственная организация,Государственная организация,Мужчина,Женщина,63,63,Сфера услуг (общепит),Строитель,Говорит свободно,Говорит свободно,Страна обычно голосует вместе с Россией в Генассамблее ООН,Страна обычно голосует вместе с Россией в Генассамблее ООН,В повседневной жизни носит обычную повседневную одежду,В повседневной жизни носит традиционную национальную одежду
CJ194,R1M2Ed2Em1G2A7O4L2P1Ap2 / R3M4Ed1Em1G2A4O1L2P1Ap2,194,"Африка (Нигерия, ЮАР, Кения)","Восточная Европа (Беларусь, Молдова, Украина)",Бегство от политических преследований,Поиск работы,Среднее (школа),Высшее (университет),Государственная организация,Государственная организация,Мужчина,Мужчина,61,45,Сфера услуг (общепит),Врач,Говорит свободно,Говорит свободно,Страна обычно голосует вместе с Россией в Генассамблее ООН,Страна обычно голосует вместе с Россией в Генассамблее ООН,В повседневной жизни носит традиционную национальную одежду,В повседневной жизни носит традиционную национальную одежду
CJ195,R7M1Ed2Em1G1A7O3L1P2Ap2 / R7M2Ed2Em1G2A7O2L2P2Ap2,195,"Южный Кавказ (Армения, Азербайджан, Грузия)","Южный Кавказ (Армения, Азербайджан, Грузия)",Бегство от вооружённого конфликта,Бегство от политических преследований,Среднее (школа),Среднее (школа),Государственная организация,Государственная организация,Женщина,Мужчина,61,61,Строитель,Программист,Говорит плохо,Говорит свободно,Страна обычно голосует вместе с США в Генассамблее ООН,Страна обычно голосует вместе с США в Генассамблее ООН,В повседневной жизни носит традиционную национальную одежду,В повседневной жизни носит традиционную национальную одежду
CJ196,R7M2Ed1Em2G2A7O2L1P4Ap1 / R4M2Ed2Em2G2A6O2L1P1Ap1,196,"Южный Кавказ (Армения, Азербайджан, Грузия)","Западная Европа (Германия, Франция, Италия)",Бегство от политических преследований,Бегство от политических преследований,Высшее (университет),Среднее (школа),Небольшая частная компания,Небольшая частная компания,Мужчина,Мужчина,61,47,Программист,Программист,Говорит плохо,Говорит плохо,Страна присоединилась к санкциям против России,Страна обычно голосует вместе с Россией в Генассамблее ООН,В повседневной жизни носит обычную повседневную одежду,В повседневной жизни носит обычную повседневную одежду
CJ197,R7M2Ed1Em2G1A8O3L1P1Ap1 / R3M3Ed2Em2G1A8O3L1P4Ap1,197,"Южный Кавказ (Армения, Азербайджан, Грузия)","Восточная Европа (Беларусь, Молдова, Украина)",Бегство от политических преследований,"Воссоединение с супругом(ой), ранее приехавшим(ей) в Россию",Высшее (университет),Среднее (школа),Небольшая частная компания,Небольшая частная компания,Женщина,Женщина,62,62,Строитель,Строитель,Говорит плохо,Говорит плохо,Страна обычно голосует вместе с Россией в Генассамблее ООН,Страна присоединилась к санкциям против России,В повседневной жизни носит обычную повседневную одежду,В повседневной жизни носит обычную повседневную одежду
CJ198,R5M2Ed3Em1G2A2O3L2P3Ap1 / R1M4Ed2Em1G1A1O3L1P3Ap2,198,"Средняя Азия (Узбекистан, Таджикистан, Кыргызстан)","Африка (Нигерия, ЮАР, Кения)",Бегство от политических преследований,Поиск работы,Среднее специальное (колледж),Среднее (школа),Государственная организация,Государственная организация,Мужчина,Женщина,22,21,Строитель,Строитель,Говорит свободно,Говорит плохо,Страна помогает России обходить санкции (параллельный экспорт),Страна помогает России обходить санкции (параллельный экспорт),В повседневной жизни носит обычную повседневную одежду,В повседневной жизни носит традиционную национальную одежду
CJ199,R5M3Ed3Em2G2A8O4L2P1Ap2 / R6M1Ed3Em2G1A4O4L1P4Ap2,199,"Средняя Азия (Узбекистан, Таджикистан, Кыргызстан)","Юго-Восточная Европа (Венгрия, Сербия, Болгария)","Воссоединение с супругом(ой), ранее приехавшим(ей) в Россию",Бегство от вооружённого конфликта,Среднее специальное (колледж),Среднее специальное (колледж),Небольшая частная компания,Небольшая частная компания,Мужчина,Женщина,62,45,Сфера услуг (общепит),Сфера услуг (общепит),Говорит свободно,Говорит плохо,Страна обычно голосует вместе с Россией в Генассамблее ООН,Страна присоединилась к санкциям против России,В повседневной жизни носит традиционную национальную одежду,В повседневной жизни носит традиционную национальную одежду
CJ200,R5M1Ed1Em1G2A5O3L2P3Ap1 / R5M1Ed1Em1G2A9O4L1P1Ap1,200,"Средняя Азия (Узбекистан, Таджикистан, Кыргызстан)","Средняя Азия (Узбекистан, Таджикистан, Кыргызстан)",Бегство от вооружённого конфликта,Бегство от вооружённого конфликта,Высшее (университет),Высшее (университет),Государственная организация,Государственная организация,Мужчина,Мужчина,46,63,Строитель,Сфера услуг (общепит),Говорит свободно,Говорит плохо,Страна помогает России обходить санкции (параллельный экспорт),Страна обычно голосует вместе с Россией в Генассамблее ООН,В повседневной жизни носит обычную повседневную одежду,В повседневной жизни носит обычную повседневную одежду
CJ201,R7M4Ed1Em1G2A3O1L1P4Ap1 / R7M3Ed1Em2G2A7O3L2P3Ap1,201,"Южный Кавказ (Армения, Азербайджан, Грузия)","Южный Кавказ (Армения, Азербайджан, Грузия)",Поиск работы,"Воссоединение с супругом(ой), ранее приехавшим(ей) в Россию",Высшее (университет),Высшее (университет),Государственная организация,Небольшая частная компания,Мужчина,Мужчина,23,61,Врач,Строитель,Говорит плохо,Говорит свободно,Страна присоединилась к санкциям против России,Страна помогает России обходить санкции (параллельный экспорт),В повседневной жизни носит обычную повседневную одежду,В повседневной жизни носит обычную повседневную одежду
CJ202,R6M4Ed2Em1G1A8O4L1P2Ap1 / R6M1Ed2Em2G1A4O4L1P2Ap1,202,"Юго-Восточная Европа (Венгрия, Сербия, Болгария)","Юго-Восточная Европа (Венгрия, Сербия, Болгария)",Поиск работы,Бегство от вооружённого конфликта,Среднее (школа),Среднее (школа),Государственная организация,Небольшая частная компания,Женщина,Женщина,62,45,Сфера услуг (общепит),Сфера услуг (общепит),Говорит плохо,Говорит плохо,Страна обычно голосует вместе с США в Генассамблее ООН,Страна обычно голосует вместе с США в Генассамблее ООН,В повседневной жизни носит обычную повседневную одежду,В повседневной жизни носит обычную повседневную одежду
CJ203,R2M4Ed1Em2G2A5O4L2P4Ap1 / R4M3Ed1Em2G1A4O2L1P4Ap2,203,"Восточная Азия (Китай, Южная Корея, Монголия)","Западная Европа (Германия, Франция, Италия)",Поиск работы,"Воссоединение с супругом(ой), ранее приехавшим(ей) в Россию",Высшее (университет),Высшее (университет),Небольшая частная компания,Небольшая частная компания,Мужчина,Женщина,46,45,Сфера услуг (общепит),Программист,Говорит свободно,Говорит плохо,Страна присоединилась к санкциям против России,Страна присоединилась к санкциям против России,В повседневной жизни носит обычную повседневную одежду,В повседневной жизни носит традиционную национальную одежду
CJ204,R5M2Ed3Em1G1A8O2L1P3Ap2 / R5M2Ed3Em2G1A6O3L2P3Ap1,204,"Средняя Азия (Узбекистан, Таджикистан, Кыргызстан)","Средняя Азия (Узбекистан, Таджикистан, Кыргызстан)",Бегство от политических преследований,Бегство от политических преследований,Среднее специальное (колледж),Среднее специальное (колледж),Государственная организация,Небольшая частная компания,Женщина,Женщина,62,47,Программист,Строитель,Говорит плохо,Говорит свободно,Страна помогает России обходить санкции (параллельный экспорт),Страна помогает России обходить санкции (параллельный экспорт),В повседневной жизни носит традиционную национальную одежду,В повседневной жизни носит обычную повседневную одежду
CJ205,R7M2Ed1Em1G2A2O3L2P4Ap2 / R3M2Ed2Em1G1A7O3L1P2Ap1,205,"Южный Кавказ (Армения, Азербайджан, Грузия)","Восточная Европа (Беларусь, Молдова, Украина)",Бегство от политических преследований,Бегство от политических преследований,Высшее (университет),Среднее (школа),Государственная организация,Государственная организация,Мужчина,Женщина,22,61,Строитель,Строитель,Говорит свободно,Говорит плохо,Страна присоединилась к санкциям против России,Страна обычно голосует вместе с США в Генассамблее ООН,В повседневной жизни носит традиционную национальную одежду,В повседневной жизни носит обычную повседневную одежду
CJ206,R6M1Ed2Em1G2A5O3L1P4Ap2 / R4M2Ed3Em1G1A9O3L1P4Ap2,206,"Юго-Восточная Европа (Венгрия, Сербия, Болгария)","Западная Европа (Германия, Франция, Италия)",Бегство от вооружённого конфликта,Бегство от политических преследований,Среднее (школа),Среднее специальное (колледж),Государственная организация,Государственная организация,Мужчина,Женщина,46,63,Строитель,Строитель,Говорит плохо,Говорит плохо,Страна присоединилась к санкциям против России,Страна присоединилась к санкциям против России,В повседневной жизни носит традиционную национальную одежду,В повседневной жизни носит традиционную национальную одежду
CJ207,R7M1Ed3Em2G1A9O3L1P4Ap1 / R4M2Ed1Em1G2A7O3L2P4Ap1,207,"Южный Кавказ (Армения, Азербайджан, Грузия)","Западная Европа (Германия, Франция, Италия)",Бегство от вооружённого конфликта,Бегство от политических преследований,Среднее специальное (колледж),Высшее (университет),Небольшая частная компания,Государственная организация,Женщина,Мужчина,63,61,Строитель,Строитель,Говорит плохо,Говорит свободно,Страна присоединилась к санкциям против России,Страна присоединилась к санкциям против России,В повседневной жизни носит обычную повседневную одежду,В повседневной жизни носит обычную повседневную одежду
CJ208,R1M2Ed3Em2G2A5O4L1P3Ap2 / R7M1Ed1Em2G2A4O4L1P3Ap2,208,"Африка (Нигерия, ЮАР, Кения)","Южный Кавказ (Армения, Азербайджан, Грузия)",Бегство от политических преследований,Бегство от вооружённого конфликта,Среднее специальное (колледж),Высшее (университет),Небольшая частная компания,Небольшая частная компания,Мужчина,Мужчина,46,45,Сфера услуг (общепит),Сфера услуг (общепит),Говорит плохо,Говорит плохо,Страна помогает России обходить санкции (параллельный экспорт),Страна помогает России обходить санкции (параллельный экспорт),В повседневной жизни носит традиционную национальную одежду,В повседневной жизни носит традиционную национальную одежду
CJ209,R2M3Ed1Em1G1A8O4L2P4Ap1 / R6M1Ed1Em1G1A9O4L1P4Ap1,209,"Восточная Азия (Китай, Южная Корея, Монголия)","Юго-Восточная Европа (Венгрия, Сербия, Болгария)","Воссоединение с супругом(ой), ранее приехавшим(ей) в Россию",Бегство от вооружённого конфликта,Высшее (университет),Высшее (университет),Государственная организация,Государственная организация,Женщина,Женщина,62,63,Сфера услуг (общепит),Сфера услуг (общепит),Говорит свободно,Говорит плохо,Страна присоединилась к санкциям против России,Страна присоединилась к санкциям против России,В повседневной жизни носит обычную повседневную одежду,В повседневной жизни носит обычную повседневную одежду
CJ210,R1M3Ed1Em1G2A3O2L1P3Ap2 / R7M3Ed1Em2G1A3O2L1P4Ap1,210,"Африка (Нигерия, ЮАР, Кения)","Южный Кавказ (Армения, Азербайджан, Грузия)","Воссоединение с супругом(ой), ранее приехавшим(ей) в Россию","Воссоединение с супругом(ой), ранее приехавшим(ей) в Россию",Высшее (университет),Высшее (университет),Государственная организация,Небольшая частная компания,Мужчина,Женщина,23,23,Программист,Программист,Говорит плохо,Говорит плохо,Страна помогает России обходить санкции (параллельный экспорт),Страна присоединилась к санкциям против России,В повседневной жизни носит традиционную национальную одежду,В повседневной жизни носит обычную повседневную одежду
CJ211,R5M3Ed2Em1G2A6O3L2P1Ap2 / R5M3Ed2Em2G2A5O2L2P1Ap2,211,"Средняя Азия (Узбекистан, Таджикистан, Кыргызстан)","Средняя Азия (Узбекистан, Таджикистан, Кыргызстан)","Воссоединение с супругом(ой), ранее приехавшим(ей) в Россию","Воссоединение с супругом(ой), ранее приехавшим(ей) в Россию",Среднее (школа),Среднее (школа),Государственная организация,Небольшая частная компания,Мужчина,Мужчина,47,46,Строитель,Программист,Говорит свободно,Говорит свободно,Страна обычно голосует вместе с Россией в Генассамблее ООН,Страна обычно голосует вместе с Россией в Генассамблее ООН,В повседневной жизни носит традиционную национальную одежду,В повседневной жизни носит традиционную национальную одежду
CJ212,R2M2Ed1Em2G2A9O1L2P4Ap2 / R6M1Ed1Em1G1A3O1L1P1Ap2,212,"Восточная Азия (Китай, Южная Корея, Монголия)","Юго-Восточная Европа (Венгрия, Сербия, Болгария)",Бегство от политических преследований,Бегство от вооружённого конфликта,Высшее (университет),Высшее (университет),Небольшая частная компания,Государственная организация,Мужчина,Женщина,63,23,Врач,Врач,Говорит свободно,Говорит плохо,Страна присоединилась к санкциям против России,Страна обычно голосует вместе с Россией в Генассамблее ООН,В повседневной жизни носит традиционную национальную одежду,В повседневной жизни носит традиционную национальную одежду
CJ213,R2M3Ed2Em1G2A4O3L2P3Ap2 / R2M3Ed1Em2G2A4O4L1P3Ap2,213,"Восточная Азия (Китай, Южная Корея, Монголия)","Восточная Азия (Китай, Южная Корея, Монголия)","Воссоединение с супругом(ой), ранее приехавшим(ей) в Россию","Воссоединение с супругом(ой), ранее приехавшим(ей) в Россию",Среднее (школа),Высшее (университет),Государственная организация,Небольшая частная компания,Мужчина,Мужчина,45,45,Строитель,Сфера услуг (общепит),Говорит свободно,Говорит плохо,Страна помогает России обходить санкции (параллельный экспорт),Страна помогает России обходить санкции (параллельный экспорт),В повседневной жизни носит традиционную национальную одежду,В повседневной жизни носит традиционную национальную одежду
CJ214,R7M1Ed3Em2G2A2O2L2P4Ap2 / R4M4Ed2Em1G2A5O2L2P4Ap1,214,"Южный Кавказ (Армения, Азербайджан, Грузия)","Западная Европа (Германия, Франция, Италия)",Бегство от вооружённого конфликта,Поиск работы,Среднее специальное (колледж),Среднее (школа),Небольшая частная компания,Государственная организация,Мужчина,Мужчина,22,46,Программист,Программист,Говорит свободно,Говорит свободно,Страна присоединилась к санкциям против России,Страна присоединилась к санкциям против России,В повседневной жизни носит традиционную национальную одежду,В повседневной жизни носит обычную повседневную одежду
CJ215,R2M1Ed2Em1G2A5O3L2P3Ap1 / R2M1Ed1Em1G1A8O3L2P3Ap2,215,"Восточная Азия (Китай, Южная Корея, Монголия)","Восточная Азия (Китай, Южная Корея, Монголия)",Бегство от вооружённого конфликта,Бегство от вооружённого конфликта,Среднее (школа),Высшее (университет),Государственная организация,Государственная организация,Мужчина,Женщина,46,62,Строитель,Строитель,Говорит свободно,Говорит свободно,Страна помогает России обходить санкции (параллельный экспорт),Страна помогает России обходить санкции (параллельный экспорт),В повседневной жизни носит обычную повседневную одежду,В повседневной жизни носит традиционную национальную одежду
CJ216,R2M4Ed1Em1G2A6O4L2P4Ap1 / R5M4Ed3Em2G2A3O4L1P1Ap1,216,"Восточная Азия (Китай, Южная Корея, Монголия)","Средняя Азия (Узбекистан, Таджикистан, Кыргызстан)",Поиск работы,Поиск работы,Высшее (университет),Среднее специальное (колледж),Государственная организация,Небольшая частная компания,Мужчина,Мужчина,47,23,Сфера услуг (общепит),Сфера услуг (общепит),Говорит свободно,Говорит плохо,Страна присоединилась к санкциям против России,Страна обычно голосует вместе с Россией в Генассамблее ООН,В повседневной жизни носит обычную повседневную одежду,В повседневной жизни носит обычную повседневную одежду
CJ217,R2M4Ed1Em1G1A4O1L2P2Ap1 / R3M2Ed1Em2G1A2O3L2P2Ap2,217,"Восточная Азия (Китай, Южная Корея, Монголия)","Восточная Европа (Беларусь, Молдова, Украина)",Поиск работы,Бегство от политических преследований,Высшее (университет),Высшее (университет),Государственная организация,Небольшая частная компания,Женщина,Женщина,45,22,Врач,Строитель,Говорит свободно,Говорит свободно,Страна обычно голосует вместе с США в Генассамблее ООН,Страна обычно голосует вместе с США в Генассамблее ООН,В повседневной жизни носит обычную повседневную одежду,В повседневной жизни носит традиционную национальную одежду
CJ218,R1M3Ed2Em1G2A6O3L2P1Ap1 / R3M4Ed3Em1G2A6O2L2P1Ap1,218,"Африка (Нигерия, ЮАР, Кения)","Восточная Европа (Беларусь, Молдова, Украина)","Воссоединение с супругом(ой), ранее приехавшим(ей) в Россию",Поиск работы,Среднее (школа),Среднее специальное (колледж),Государственная организация,Государственная организация,Мужчина,Мужчина,47,47,Строитель,Программист,Говорит свободно,Говорит свободно,Страна обычно голосует вместе с Россией в Генассамблее ООН,Страна обычно голосует вместе с Россией в Генассамблее ООН,В повседневной жизни носит обычную повседневную одежду,В повседневной жизни носит обычную повседневную одежду
CJ219,R4M4Ed2Em1G1A8O4L1P2Ap2 / R4M4Ed3Em1G1A3O4L2P1Ap2,219,"Западная Европа (Германия, Франция, Италия)","Западная Европа (Германия, Франция, Италия)",Поиск работы,Поиск работы,Среднее (школа),Среднее специальное (колледж),Государственная организация,Государственная организация,Женщина,Женщина,62,23,Сфера услуг (общепит),Сфера услуг (общепит),Говорит плохо,Говорит свободно,Страна обычно голосует вместе с США в Генассамблее ООН,Страна обычно голосует вместе с Россией в Генассамблее ООН,В повседневной жизни носит традиционную национальную одежду,В повседневной жизни носит традиционную национальную одежду
CJ220,R1M1Ed3Em2G2A5O4L2P3Ap2 / R7M4Ed3Em2G2A8O2L2P3Ap2,220,"Африка (Нигерия, ЮАР, Кения)","Южный Кавказ (Армения, Азербайджан, Грузия)",Бегство от вооружённого конфликта,Поиск работы,Среднее специальное (колледж),Среднее специальное (колледж),Небольшая частная компания,Небольшая частная компания,Мужчина,Мужчина,46,62,Сфера услуг (общепит),Программист,Говорит свободно,Говорит свободно,Страна помогает России обходить санкции (параллельный экспорт),Страна помогает России обходить санкции (параллельный экспорт),В повседневной жизни носит традиционную национальную одежду,В повседневной жизни носит традиционную национальную одежду
CJ221,R3M3Ed1Em2G2A4O1L1P1Ap1 / R4M3Ed1Em2G1A4O4L2P1Ap1,221,"Восточная Европа (Беларусь, Молдова, Украина)","Западная Европа (Германия, Франция, Италия)","Воссоединение с супругом(ой), ранее приехавшим(ей) в Россию","Воссоединение с супругом(ой), ранее приехавшим(ей) в Россию",Высшее (университет),Высшее (университет),Небольшая частная компания,Небольшая частная компания,Мужчина,Женщина,45,45,Врач,Сфера услуг (общепит),Говорит плохо,Говорит свободно,Страна обычно голосует вместе с Россией в Генассамблее ООН,Страна обычно голосует вместе с Россией в Генассамблее ООН,В повседневной жизни носит обычную повседневную одежду,В повседневной жизни носит обычную повседневную одежду
CJ222,R6M4Ed1Em1G2A3O3L1P1Ap2 / R6M2Ed1Em1G2A9O2L1P4Ap2,222,"Юго-Восточная Европа (Венгрия, Сербия, Болгария)","Юго-Восточная Европа (Венгрия, Сербия, Болгария)",Поиск работы,Бегство от политических преследований,Высшее (университет),Высшее (университет),Государственная организация,Государственная организация,Мужчина,Мужчина,23,63,Строитель,Программист,Говорит плохо,Говорит плохо,Страна обычно голосует вместе с Россией в Генассамблее ООН,Страна присоединилась к санкциям против России,В повседневной жизни носит традиционную национальную одежду,В повседневной жизни носит традиционную национальную одежду
CJ223,R6M3Ed3Em1G2A2O3L1P4Ap2 / R4M3Ed3Em2G2A7O3L2P4Ap2,223,"Юго-Восточная Европа (Венгрия, Сербия, Болгария)","Западная Европа (Германия, Франция, Италия)","Воссоединение с супругом(ой), ранее приехавшим(ей) в Россию","Воссоединение с супругом(ой), ранее приехавшим(ей) в Россию",Среднее специальное (колледж),Среднее специальное (колледж),Государственная организация,Небольшая частная компания,Мужчина,Мужчина,22,61,Строитель,Строитель,Говорит плохо,Говорит свободно,Страна присоединилась к санкциям против России,Страна присоединилась к санкциям против России,В повседневной жизни носит традиционную национальную одежду,В повседневной жизни носит традиционную национальную одежду
CJ224,R5M4Ed1Em2G1A2O3L2P2Ap2 / R6M4Ed1Em2G1A7O3L2P2Ap2,224,"Средняя Азия (Узбекистан, Таджикистан, Кыргызстан)","Юго-Восточная Европа (Венгрия, Сербия, Болгария)",Поиск работы,Поиск работы,Высшее (университет),Высшее (университет),Небольшая частная компания,Небольшая частная компания,Женщина,Женщина,22,61,Строитель,Строитель,Говорит свободно,Говорит свободно,Страна обычно голосует вместе с США в Генассамблее ООН,Страна обычно голосует вместе с США в Генассамблее ООН,В повседневной жизни носит традиционную национальную одежду,В повседневной жизни носит традиционную национальную одежду
CJ225,R1M4Ed2Em1G2A4O2L2P2Ap2 / R1M4Ed2Em2G1A1O3L2P2Ap1,225,"Африка (Нигерия, ЮАР, Кения)","Африка (Нигерия, ЮАР, Кения)",Поиск работы,Поиск работы,Среднее (школа),Среднее (школа),Государственная организация,Небольшая частная компания,Мужчина,Женщина,45,21,Программист,Строитель,Говорит свободно,Говорит свободно,Страна обычно голосует вместе с США в Генассамблее ООН,Страна обычно голосует вместе с США в Генассамблее ООН,В повседневной жизни носит традиционную национальную одежду,В повседневной жизни носит обычную повседневную одежду
CJ226,R3M3Ed3Em2G2A1O2L1P4Ap1 / R3M3Ed1Em2G1A4O3L2P4Ap2,226,"Восточная Европа (Беларусь, Молдова, Украина)","Восточная Европа (Беларусь, Молдова, Украина)","Воссоединение с супругом(ой), ранее приехавшим(ей) в Россию","Воссоединение с супругом(ой), ранее приехавшим(ей) в Россию",Среднее специальное (колледж),Высшее (университет),Небольшая частная компания,Небольшая частная компания,Мужчина,Женщина,21,45,Программист,Строитель,Говорит плохо,Говорит свободно,Страна присоединилась к санкциям против России,Страна присоединилась к санкциям против России,В повседневной жизни носит обычную повседневную одежду,В повседневной жизни носит традиционную национальную одежду
CJ227,R2M1Ed2Em1G2A6O3L2P1Ap2 / R2M1Ed2Em1G1A4O3L2P2Ap1,227,"Восточная Азия (Китай, Южная Корея, Монголия)","Восточная Азия (Китай, Южная Корея, Монголия)",Бегство от вооружённого конфликта,Бегство от вооружённого конфликта,Среднее (школа),Среднее (школа),Государственная организация,Государственная организация,Мужчина,Женщина,47,45,Строитель,Строитель,Говорит свободно,Говорит свободно,Страна обычно голосует вместе с Россией в Генассамблее ООН,Страна обычно голосует вместе с США в Генассамблее ООН,В повседневной жизни носит традиционную национальную одежду,В повседневной жизни носит обычную повседневную одежду
CJ228,R3M1Ed1Em1G2A4O3L1P1Ap1 / R6M1Ed3Em1G2A1O3L2P4Ap1,228,"Восточная Европа (Беларусь, Молдова, Украина)","Юго-Восточная Европа (Венгрия, Сербия, Болгария)",Бегство от вооружённого конфликта,Бегство от вооружённого конфликта,Высшее (университет),Среднее специальное (колледж),Государственная организация,Государственная организация,Мужчина,Мужчина,45,21,Строитель,Строитель,Говорит плохо,Говорит свободно,Страна обычно голосует вместе с Россией в Генассамблее ООН,Страна присоединилась к санкциям против России,В повседневной жизни носит обычную повседневную одежду,В повседневной жизни носит обычную повседневную одежду
CJ229,R7M3Ed3Em2G2A5O4L2P2Ap1 / R7M3Ed3Em2G1A7O2L2P2Ap1,229,"Южный Кавказ (Армения, Азербайджан, Грузия)","Южный Кавказ (Армения, Азербайджан, Грузия)","Воссоединение с супругом(ой), ранее приехавшим(ей) в Россию","Воссоединение с супругом(ой), ранее приехавшим(ей) в Россию",Среднее специальное (колледж),Среднее специальное (колледж),Небольшая частная компания,Небольшая частная компания,Мужчина,Женщина,46,61,Сфера услуг (общепит),Программист,Говорит свободно,Говорит свободно,Страна обычно голосует вместе с США в Генассамблее ООН,Страна обычно голосует вместе с США в Генассамблее ООН,В повседневной жизни носит обычную повседневную одежду,В повседневной жизни носит обычную повседневную одежду
CJ230,R2M4Ed1Em2G1A4O4L2P3Ap1 / R1M1Ed3Em1G2A6O4L1P3Ap1,230,"Восточная Азия (Китай, Южная Корея, Монголия)","Африка (Нигерия, ЮАР, Кения)",Поиск работы,Бегство от вооружённого конфликта,Высшее (университет),Среднее специальное (колледж),Небольшая частная компания,Государственная организация,Женщина,Мужчина,45,47,Сфера услуг (общепит),Сфера услуг (общепит),Говорит свободно,Говорит плохо,Страна помогает России обходить санкции (параллельный экспорт),Страна помогает России обходить санкции (параллельный экспорт),В повседневной жизни носит обычную повседневную одежду,В повседневной жизни носит обычную повседневную одежду
CJ231,R4M3Ed2Em1G2A4O2L1P4Ap2 / R4M3Ed1Em2G2A3O1L1P4Ap2,231,"Западная Европа (Германия, Франция, Италия)","Западная Европа (Германия, Франция, Италия)","Воссоединение с супругом(ой), ранее приехавшим(ей) в Россию","Воссоединение с супругом(ой), ранее приехавшим(ей) в Россию",Среднее (школа),Высшее (университет),Государственная организация,Небольшая частная компания,Мужчина,Мужчина,45,23,Программист,Врач,Говорит плохо,Говорит плохо,Страна присоединилась к санкциям против России,Страна присоединилась к санкциям против России,В повседневной жизни носит традиционную национальную одежду,В повседневной жизни носит традиционную национальную одежду
CJ232,R3M1Ed3Em2G1A1O4L1P2Ap1 / R6M1Ed3Em1G2A9O3L1P1Ap2,232,"Восточная Европа (Беларусь, Молдова, Украина)","Юго-Восточная Европа (Венгрия, Сербия, Болгария)",Бегство от вооружённого конфликта,Бегство от вооружённого конфликта,Среднее специальное (колледж),Среднее специальное (колледж),Небольшая частная компания,Государственная организация,Женщина,Мужчина,21,63,Сфера услуг (общепит),Строитель,Говорит плохо,Говорит плохо,Страна обычно голосует вместе с США в Генассамблее ООН,Страна обычно голосует вместе с Россией в Генассамблее ООН,В повседневной жизни носит обычную повседневную одежду,В повседневной жизни носит традиционную национальную одежду
CJ233,R2M3Ed3Em1G2A5O3L2P4Ap2 / R1M4Ed2Em1G2A4O3L1P4Ap2,233,"Восточная Азия (Китай, Южная Корея, Монголия)","Африка (Нигерия, ЮАР, Кения)","Воссоединение с супругом(ой), ранее приехавшим(ей) в Россию",Поиск работы,Среднее специальное (колледж),Среднее (школа),Государственная организация,Государственная организация,Мужчина,Мужчина,46,45,Строитель,Строитель,Говорит свободно,Говорит плохо,Страна присоединилась к санкциям против России,Страна присоединилась к санкциям против России,В повседневной жизни носит традиционную национальную одежду,В повседневной жизни носит традиционную национальную одежду
CJ234,R6M4Ed2Em2G2A8O3L2P4Ap2 / R6M1Ed1Em2G2A5O3L2P2Ap1,234,"Юго-Восточная Европа (Венгрия, Сербия, Болгария)","Юго-Восточная Европа (Венгрия, Сербия, Болгария)",Поиск работы,Бегство от вооружённого конфликта,Среднее (школа),Высшее (университет),Небольшая частная компания,Небольшая частная компания,Мужчина,Мужчина,62,46,Строитель,Строитель,Говорит свободно,Говорит свободно,Страна присоединилась к санкциям против России,Страна обычно голосует вместе с США в Генассамблее ООН,В повседневной жизни носит традиционную национальную одежду,В повседневной жизни носит обычную повседневную одежду
CJ235,R3M2Ed1Em1G2A7O2L2P2Ap2 / R4M2Ed2Em1G2A3O2L1P2Ap2,235,"Восточная Европа (Беларусь, Молдова, Украина)","Западная Европа (Германия, Франция, Италия)",Бегство от политических преследований,Бегство от политических преследований,Высшее (университет),Среднее (школа),Государственная организация,Государственная организация,Мужчина,Мужчина,61,23,Программист,Программист,Говорит свободно,Говорит плохо,Страна обычно голосует вместе с США в Генассамблее ООН,Страна обычно голосует вместе с США в Генассамблее ООН,В повседневной жизни носит традиционную национальную одежду,В повседневной жизни носит традиционную национальную одежду
CJ236,R6M1Ed3Em2G2A8O2L1P1Ap1 / R6M2Ed2Em2G2A6O4L1P1Ap1,236,"Юго-Восточная Европа (Венгрия, Сербия, Болгария)","Юго-Восточная Европа (Венгрия, Сербия, Болгария)",Бегство от вооружённого конфликта,Бегство от политических преследований,Среднее специальное (колледж),Среднее (школа),Небольшая частная компания,Небольшая частная компания,Мужчина,Мужчина,62,47,Программист,Сфера услуг (общепит),Говорит плохо,Говорит плохо,Страна обычно голосует вместе с Россией в Генассамблее ООН,Страна обычно голосует вместе с Россией в Генассамблее ООН,В повседневной жизни носит обычную повседневную одежду,В повседневной жизни носит обычную повседневную одежду
CJ237,R3M3Ed2Em1G2A3O3L1P1Ap2 / R4M3Ed2Em1G2A1O3L1P4Ap2,237,"Восточная Европа (Беларусь, Молдова, Украина)","Западная Европа (Германия, Франция, Италия)","Воссоединение с супругом(ой), ранее приехавшим(ей) в Россию","Воссоединение с супругом(ой), ранее приехавшим(ей) в Россию",Среднее (школа),Среднее (школа),Государственная организация,Государственная организация,Мужчина,Мужчина,23,21,Строитель,Строитель,Говорит плохо,Говорит плохо,Страна обычно голосует вместе с Россией в Генассамблее ООН,Страна присоединилась к санкциям против России,В повседневной жизни носит традиционную национальную одежду,В повседневной жизни носит традиционную национальную одежду
CJ238,R1M2Ed1Em2G1A7O3L1P2Ap1 / R3M2Ed1Em2G2A9O2L1P2Ap1,238,"Африка (Нигерия, ЮАР, Кения)","Восточная Европа (Беларусь, Молдова, Украина)",Бегство от политических преследований,Бегство от политических преследований,Высшее (университет),Высшее (университет),Небольшая частная компания,Небольшая частная компания,Женщина,Мужчина,61,63,Строитель,Программист,Говорит плохо,Говорит плохо,Страна обычно голосует вместе с США в Генассамблее ООН,Страна обычно голосует вместе с США в Генассамблее ООН,В повседневной жизни носит обычную повседневную одежду,В повседневной жизни носит обычную повседневную одежду
CJ239,R2M1Ed1Em1G2A2O4L2P2Ap2 / R7M1Ed2Em2G2A2O4L1P1Ap2,239,"Восточная Азия (Китай, Южная Корея, Монголия)","Южный Кавказ (Армения, Азербайджан, Грузия)",Бегство от вооружённого конфликта,Бегство от вооружённого конфликта,Высшее (университет),Среднее (школа),Государственная организация,Небольшая частная компания,Мужчина,Мужчина,22,22,Сфера услуг (общепит),Сфера услуг (общепит),Говорит свободно,Говорит плохо,Страна обычно голосует вместе с США в Генассамблее ООН,Страна обычно голосует вместе с Россией в Генассамблее ООН,В повседневной жизни носит традиционную национальную одежду,В повседневной жизни носит традиционную национальную одежду
CJ240,R5M4Ed2Em2G2A4O3L2P3Ap1 / R4M4Ed2Em2G1A4O3L1P2Ap2,240,"Средняя Азия (Узбекистан, Таджикистан, Кыргызстан)","Западная Европа (Германия, Франция, Италия)",Поиск работы,Поиск работы,Среднее (школа),Среднее (школа),Небольшая частная компания,Небольшая частная компания,Мужчина,Женщина,45,45,Строитель,Строитель,Говорит свободно,Говорит плохо,Страна помогает России обходить санкции (параллельный экспорт),Страна обычно голосует вместе с США в Генассамблее ООН,В повседневной жизни носит обычную повседневную одежду,В повседневной жизни носит традиционную национальную одежду
CJ241,R7M3Ed2Em2G1A3O2L2P2Ap2 / R6M3Ed2Em2G2A3O2L1P1Ap2,241,"Южный Кавказ (Армения, Азербайджан, Грузия)","Юго-Восточная Европа (Венгрия, Сербия, Болгария)","Воссоединение с супругом(ой), ранее приехавшим(ей) в Россию","Воссоединение с супругом(ой), ранее приехавшим(ей) в Россию",Среднее (школа),Среднее (школа),Небольшая частная компания,Небольшая частная компания,Женщина,Мужчина,23,23,Программист,Программист,Говорит свободно,Говорит плохо,Страна обычно голосует вместе с США в Генассамблее ООН,Страна обычно голосует вместе с Россией в Генассамблее ООН,В повседневной жизни носит традиционную национальную одежду,В повседневной жизни носит традиционную национальную одежду
CJ242,R2M4Ed3Em1G1A6O2L2P3Ap1 / R1M3Ed1Em2G2A8O2L2P3Ap1,242,"Восточная Азия (Китай, Южная Корея, Монголия)","Африка (Нигерия, ЮАР, Кения)",Поиск работы,"Воссоединение с супругом(ой), ранее приехавшим(ей) в Россию",Среднее специальное (колледж),Высшее (университет),Государственная организация,Небольшая частная компания,Женщина,Мужчина,47,62,Программист,Программист,Говорит свободно,Говорит свободно,Страна помогает России обходить санкции (параллельный экспорт),Страна помогает России обходить санкции (параллельный экспорт),В повседневной жизни носит обычную повседневную одежду,В повседневной жизни носит обычную повседневную одежду
CJ243,R2M2Ed3Em2G1A1O2L2P1Ap2 / R3M3Ed3Em2G2A3O4L2P1Ap2,243,"Восточная Азия (Китай, Южная Корея, Монголия)","Восточная Европа (Беларусь, Молдова, Украина)",Бегство от политических преследований,"Воссоединение с супругом(ой), ранее приехавшим(ей) в Россию",Среднее специальное (колледж),Среднее специальное (колледж),Небольшая частная компания,Небольшая частная компания,Женщина,Мужчина,21,23,Программист,Сфера услуг (общепит),Говорит свободно,Говорит свободно,Страна обычно голосует вместе с Россией в Генассамблее ООН,Страна обычно голосует вместе с Россией в Генассамблее ООН,В повседневной жизни носит традиционную национальную одежду,В повседневной жизни носит традиционную национальную одежду
CJ244,R5M4Ed1Em2G2A4O3L2P3Ap2 / R5M2Ed1Em1G2A8O1L2P2Ap2,244,"Средняя Азия (Узбекистан, Таджикистан, Кыргызстан)","Средняя Азия (Узбекистан, Таджикистан, Кыргызстан)",Поиск работы,Бегство от политических преследований,Высшее (университет),Высшее (университет),Небольшая частная компания,Государственная организация,Мужчина,Мужчина,45,62,Строитель,Врач,Говорит свободно,Говорит свободно,Страна помогает России обходить санкции (параллельный экспорт),Страна обычно голосует вместе с США в Генассамблее ООН,В повседневной жизни носит традиционную национальную одежду,В повседневной жизни носит традиционную национальную одежду
CJ245,R6M2Ed2Em2G2A1O2L2P4Ap2 / R6M2Ed2Em2G2A6O3L2P4Ap2,245,"Юго-Восточная Европа (Венгрия, Сербия, Болгария)","Юго-Восточная Европа (Венгрия, Сербия, Болгария)",Бегство от политических преследований,Бегство от политических преследований,Среднее (школа),Среднее (школа),Небольшая частная компания,Небольшая частная компания,Мужчина,Мужчина,21,47,Программист,Строитель,Говорит свободно,Говорит свободно,Страна присоединилась к санкциям против России,Страна присоединилась к санкциям против России,В повседневной жизни носит традиционную национальную одежду,В повседневной жизни носит традиционную национальную одежду
CJ246,R1M1Ed2Em2G2A2O3L1P4Ap1 / R1M1Ed1Em2G2A2O3L1P2Ap2,246,"Африка (Нигерия, ЮАР, Кения)","Африка (Нигерия, ЮАР, Кения)",Бегство от вооружённого конфликта,Бегство от вооружённого конфликта,Среднее (школа),Высшее (университет),Небольшая частная компания,Небольшая частная компания,Мужчина,Мужчина,22,22,Строитель,Строитель,Говорит плохо,Говорит плохо,Страна присоединилась к санкциям против России,Страна обычно голосует вместе с США в Генассамблее ООН,В повседневной жизни носит обычную повседневную одежду,В повседневной жизни носит традиционную национальную одежду
CJ247,R7M2Ed2Em1G1A5O3L2P4Ap2 / R4M4Ed2Em2G1A1O3L2P2Ap2,247,"Южный Кавказ (Армения, Азербайджан, Грузия)","Западная Европа (Германия, Франция, Италия)",Бегство от политических преследований,Поиск работы,Среднее (школа),Среднее (школа),Государственная организация,Небольшая частная компания,Женщина,Женщина,46,21,Строитель,Строитель,Говорит свободно,Говорит свободно,Страна присоединилась к санкциям против России,Страна обычно голосует вместе с США в Генассамблее ООН,В повседневной жизни носит традиционную национальную одежду,В повседневной жизни носит традиционную национальную одежду
CJ248,R7M4Ed3Em2G1A9O3L1P4Ap2 / R7M1Ed1Em1G1A8O2L1P4Ap1,248,"Южный Кавказ (Армения, Азербайджан, Грузия)","Южный Кавказ (Армения, Азербайджан, Грузия)",Поиск работы,Бегство от вооружённого конфликта,Среднее специальное (колледж),Высшее (университет),Небольшая частная компания,Государственная организация,Женщина,Женщина,63,62,Строитель,Программист,Говорит плохо,Говорит плохо,Страна присоединилась к санкциям против России,Страна присоединилась к санкциям против России,В повседневной жизни носит традиционную национальную одежду,В повседневной жизни носит обычную повседневную одежду
CJ249,R7M3Ed2Em2G2A5O4L2P4Ap1 / R4M4Ed1Em2G2A8O1L1P4Ap1,249,"Южный Кавказ (Армения, Азербайджан, Грузия)","Западная Европа (Германия, Франция, Италия)","Воссоединение с супругом(ой), ранее приехавшим(ей) в Россию",Поиск работы,Среднее (школа),Высшее (университет),Небольшая частная компания,Небольшая частная компания,Мужчина,Мужчина,46,62,Сфера услуг (общепит),Врач,Говорит свободно,Говорит плохо,Страна присоединилась к санкциям против России,Страна присоединилась к санкциям против России,В повседневной жизни носит обычную повседневную одежду,В повседневной жизни носит обычную повседневную одежду
CJ250,R3M2Ed1Em2G1A3O3L1P1Ap1 / R4M2Ed1Em2G1A3O4L2P1Ap1,250,"Восточная Европа (Беларусь, Молдова, Украина)","Западная Европа (Германия, Франция, Италия)",Бегство от политических преследований,Бегство от политических преследований,Высшее (университет),Высшее (университет),Небольшая частная компания,Небольшая частная компания,Женщина,Женщина,23,23,Строитель,Сфера услуг (общепит),Говорит плохо,Говорит свободно,Страна обычно голосует вместе с Россией в Генассамблее ООН,Страна обычно голосует вместе с Россией в Генассамблее ООН,В повседневной жизни носит обычную повседневную одежду,В повседневной жизни носит обычную повседневную одежду
CJ251,R3M4Ed1Em2G1A8O2L1P4Ap2 / R6M4Ed1Em2G1A9O4L1P2Ap2,251,"Восточная Европа (Беларусь, Молдова, Украина)","Юго-Восточная Европа (Венгрия, Сербия, Болгария)",Поиск работы,Поиск работы,Высшее (университет),Высшее (университет),Небольшая частная компания,Небольшая частная компания,Женщина,Женщина,62,63,Программист,Сфера услуг (общепит),Говорит плохо,Говорит плохо,Страна присоединилась к санкциям против России,Страна обычно голосует вместе с США в Генассамблее ООН,В повседневной жизни носит традиционную национальную одежду,В повседневной жизни носит традиционную национальную одежду
CJ252,R2M2Ed1Em2G1A5O2L1P2Ap1 / R6M1Ed1Em1G1A9O4L2P2Ap1,252,"Восточная Азия (Китай, Южная Корея, Монголия)","Юго-Восточная Европа (Венгрия, Сербия, Болгария)",Бегство от политических преследований,Бегство от вооружённого конфликта,Высшее (университет),Высшее (университет),Небольшая частная компания,Государственная организация,Женщина,Женщина,46,63,Программист,Сфера услуг (общепит),Говорит плохо,Говорит свободно,Страна обычно голосует вместе с США в Генассамблее ООН,Страна обычно голосует вместе с США в Генассамблее ООН,В повседневной жизни носит обычную повседневную одежду,В повседневной жизни носит обычную повседневную одежду
CJ253,R1M4Ed1Em1G2A1O4L1P4Ap2 / R1M4Ed1Em1G1A9O4L2P4Ap1,253,"Африка (Нигерия, ЮАР, Кения)","Африка (Нигерия, ЮАР, Кения)",Поиск работы,Поиск работы,Высшее (университет),Высшее (университет),Государственная организация,Государственная организация,Мужчина,Женщина,21,63,Сфера услуг (общепит),Сфера услуг (общепит),Говорит плохо,Говорит свободно,Страна присоединилась к санкциям против России,Страна присоединилась к санкциям против России,В повседневной жизни носит традиционную национальную одежду,В повседневной жизни носит обычную повседневную одежду
CJ254,R2M3Ed3Em2G1A7O4L1P2Ap2 / R6M2Ed3Em1G2A1O4L1P2Ap2,254,"Восточная Азия (Китай, Южная Корея, Монголия)","Юго-Восточная Европа (Венгрия, Сербия, Болгария)","Воссоединение с супругом(ой), ранее приехавшим(ей) в Россию",Бегство от политических преследований,Среднее специальное (колледж),Среднее специальное (колледж),Небольшая частная компания,Государственная организация,Женщина,Мужчина,61,21,Сфера услуг (общепит),Сфера услуг (общепит),Говорит плохо,Говорит плохо,Страна обычно голосует вместе с США в Генассамблее ООН,Страна обычно голосует вместе с США в Генассамблее ООН,В повседневной жизни носит традиционную национальную одежду,В повседневной жизни носит традиционную национальную одежду
CJ255,R5M2Ed3Em1G1A2O4L2P1Ap1 / R1M2Ed3Em2G1A2O4L2P2Ap1,255,"Средняя Азия (Узбекистан, Таджикистан, Кыргызстан)","Африка (Нигерия, ЮАР, Кения)",Бегство от политических преследований,Бегство от политических преследований,Среднее специальное (колледж),Среднее специальное (колледж),Государственная организация,Небольшая частная компания,Женщина,Женщина,22,22,Сфера услуг (общепит),Сфера услуг (общепит),Говорит свободно,Говорит свободно,Страна обычно голосует вместе с Россией в Генассамблее ООН,Страна обычно голосует вместе с США в Генассамблее ООН,В повседневной жизни носит обычную повседневную одежду,В повседневной жизни носит обычную повседневную одежду
CJ256,R5M3Ed1Em1G1A5O3L1P1Ap1 / R7M3Ed1Em1G1A9O3L2P2Ap1,256,"Средняя Азия (Узбекистан, Таджикистан, Кыргызстан)","Южный Кавказ (Армения, Азербайджан, Грузия)","Воссоединение с супругом(ой), ранее приехавшим(ей) в Россию","Воссоединение с супругом(ой), ранее приехавшим(ей) в Россию",Высшее (университет),Высшее (университет),Государственная организация,Государственная организация,Женщина,Женщина,46,63,Строитель,Строитель,Говорит плохо,Говорит свободно,Страна обычно голосует вместе с Россией в Генассамблее ООН,Страна обычно голосует вместе с США в Генассамблее ООН,В повседневной жизни носит обычную повседневную одежду,В повседневной жизни носит обычную повседневную одежду
CJ257,R2M1Ed2Em2G2A6O4L2P3Ap1 / R7M1Ed2Em2G2A9O2L2P3Ap1,257,"Восточная Азия (Китай, Южная Корея, Монголия)","Южный Кавказ (Армения, Азербайджан, Грузия)",Бегство от вооружённого конфликта,Бегство от вооружённого конфликта,Среднее (школа),Среднее (школа),Небольшая частная компания,Небольшая частная компания,Мужчина,Мужчина,47,63,Сфера услуг (общепит),Программист,Говорит свободно,Говорит свободно,Страна помогает России обходить санкции (параллельный экспорт),Страна помогает России обходить санкции (параллельный экспорт),В повседневной жизни носит обычную повседневную одежду,В повседневной жизни носит обычную повседневную одежду
CJ258,R5M1Ed2Em2G2A7O2L2P2Ap1 / R6M3Ed3Em2G2A1O2L2P2Ap1,258,"Средняя Азия (Узбекистан, Таджикистан, Кыргызстан)","Юго-Восточная Европа (Венгрия, Сербия, Болгария)",Бегство от вооружённого конфликта,"Воссоединение с супругом(ой), ранее приехавшим(ей) в Россию",Среднее (школа),Среднее специальное (колледж),Небольшая частная компания,Небольшая частная компания,Мужчина,Мужчина,61,21,Программист,Программист,Говорит свободно,Говорит свободно,Страна обычно голосует вместе с США в Генассамблее ООН,Страна обычно голосует вместе с США в Генассамблее ООН,В повседневной жизни носит обычную повседневную одежду,В повседневной жизни носит обычную повседневную одежду
CJ259,R3M1Ed1Em2G2A2O3L2P4Ap2 / R6M1Ed3Em2G2A8O2L2P4Ap2,259,"Восточная Европа (Беларусь, Молдова, Украина)","Юго-Восточная Европа (Венгрия, Сербия, Болгария)",Бегство от вооружённого конфликта,Бегство от вооружённого конфликта,Высшее (университет),Среднее специальное (колледж),Небольшая частная компания,Небольшая частная компания,Мужчина,Мужчина,22,62,Строитель,Программист,Говорит свободно,Говорит свободно,Страна присоединилась к санкциям против России,Страна присоединилась к санкциям против России,В повседневной жизни носит традиционную национальную одежду,В повседневной жизни носит традиционную национальную одежду
CJ260,R4M3Ed1Em1G1A7O1L1P1Ap1 / R4M3Ed1Em2G1A2O4L1P2Ap2,260,"Западная Европа (Германия, Франция, Италия)","Западная Европа (Германия, Франция, Италия)","Воссоединение с супругом(ой), ранее приехавшим(ей) в Россию","Воссоединение с супругом(ой), ранее приехавшим(ей) в Россию",Высшее (университет),Высшее (университет),Государственная организация,Небольшая частная компания,Женщина,Женщина,61,22,Врач,Сфера услуг (общепит),Говорит плохо,Говорит плохо,Страна обычно голосует вместе с Россией в Генассамблее ООН,Страна обычно голосует вместе с США в Генассамблее ООН,В повседневной жизни носит обычную повседневную одежду,В повседневной жизни носит традиционную национальную одежду
CJ261,R2M1Ed3Em2G2A2O3L2P4Ap1 / R7M4Ed3Em2G2A2O3L2P2Ap1,261,"Восточная Азия (Китай, Южная Корея, Монголия)","Южный Кавказ (Армения, Азербайджан, Грузия)",Бегство от вооружённого конфликта,Поиск работы,Среднее специальное (колледж),Среднее специальное (колледж),Небольшая частная компания,Небольшая частная компания,Мужчина,Мужчина,22,22,Строитель,Строитель,Говорит свободно,Говорит свободно,Страна присоединилась к санкциям против России,Страна обычно голосует вместе с США в Генассамблее ООН,В повседневной жизни носит обычную повседневную одежду,В повседневной жизни носит обычную повседневную одежду
CJ262,R2M4Ed1Em2G1A3O4L2P2Ap2 / R5M2Ed2Em2G1A3O4L2P1Ap2,262,"Восточная Азия (Китай, Южная Корея, Монголия)","Средняя Азия (Узбекистан, Таджикистан, Кыргызстан)",Поиск работы,Бегство от политических преследований,Высшее (университет),Среднее (школа),Небольшая частная компания,Небольшая частная компания,Женщина,Женщина,23,23,Сфера услуг (общепит),Сфера услуг (общепит),Говорит свободно,Говорит свободно,Страна обычно голосует вместе с США в Генассамблее ООН,Страна обычно голосует вместе с Россией в Генассамблее ООН,В повседневной жизни носит традиционную национальную одежду,В повседневной жизни носит традиционную национальную одежду
CJ263,R3M3Ed1Em1G2A4O3L2P1Ap2 / R3M1Ed3Em2G1A4O2L2P2Ap2,263,"Восточная Европа (Беларусь, Молдова, Украина)","Восточная Европа (Беларусь, Молдова, Украина)","Воссоединение с супругом(ой), ранее приехавшим(ей) в Россию",Бегство от вооружённого конфликта,Высшее (университет),Среднее специальное (колледж),Государственная организация,Небольшая частная компания,Мужчина,Женщина,45,45,Строитель,Программист,Говорит свободно,Говорит свободно,Страна обычно голосует вместе с Россией в Генассамблее ООН,Страна обычно голосует вместе с США в Генассамблее ООН,В повседневной жизни носит традиционную национальную одежду,В повседневной жизни носит традиционную национальную одежду
CJ264,R7M3Ed2Em1G1A2O3L2P4Ap1 / R4M3Ed2Em2G1A5O3L2P4Ap1,264,"Южный Кавказ (Армения, Азербайджан, Грузия)","Западная Европа (Германия, Франция, Италия)","Воссоединение с супругом(ой), ранее приехавшим(ей) в Россию","Воссоединение с супругом(ой), ранее приехавшим(ей) в Россию",Среднее (школа),Среднее (школа),Государственная организация,Небольшая частная компания,Женщина,Женщина,22,46,Строитель,Строитель,Говорит свободно,Говорит свободно,Страна присоединилась к санкциям против России,Страна присоединилась к санкциям против России,В повседневной жизни носит обычную повседневную одежду,В повседневной жизни носит обычную повседневную одежду
CJ265,R1M4Ed1Em1G1A8O4L2P1Ap1 / R6M2Ed1Em2G1A6O2L2P1Ap1,265,"Африка (Нигерия, ЮАР, Кения)","Юго-Восточная Европа (Венгрия, Сербия, Болгария)",Поиск работы,Бегство от политических преследований,Высшее (университет),Высшее (университет),Государственная организация,Небольшая частная компания,Женщина,Женщина,62,47,Сфера услуг (общепит),Программист,Говорит свободно,Говорит свободно,Страна обычно голосует вместе с Россией в Генассамблее ООН,Страна обычно голосует вместе с Россией в Генассамблее ООН,В повседневной жизни носит обычную повседневную одежду,В повседневной жизни носит обычную повседневную одежду
CJ266,R2M2Ed2Em1G1A1O3L1P3Ap1 / R2M2Ed2Em1G1A9O4L2P2Ap1,266,"Восточная Азия (Китай, Южная Корея, Монголия)","Восточная Азия (Китай, Южная Корея, Монголия)",Бегство от политических преследований,Бегство от политических преследований,Среднее (школа),Среднее (школа),Государственная организация,Государственная организация,Женщина,Женщина,21,63,Строитель,Сфера услуг (общепит),Говорит плохо,Говорит свободно,Страна помогает России обходить санкции (параллельный экспорт),Страна обычно голосует вместе с США в Генассамблее ООН,В повседневной жизни носит обычную повседневную одежду,В повседневной жизни носит обычную повседневную одежду
CJ267,R3M4Ed1Em1G2A8O4L2P1Ap2 / R6M1Ed1Em1G2A8O1L2P1Ap2,267,"Восточная Европа (Беларусь, Молдова, Украина)","Юго-Восточная Европа (Венгрия, Сербия, Болгария)",Поиск работы,Бегство от вооружённого конфликта,Высшее (университет),Высшее (университет),Государственная организация,Государственная организация,Мужчина,Мужчина,62,62,Сфера услуг (общепит),Врач,Говорит свободно,Говорит свободно,Страна обычно голосует вместе с Россией в Генассамблее ООН,Страна обычно голосует вместе с Россией в Генассамблее ООН,В повседневной жизни носит традиционную национальную одежду,В повседневной жизни носит традиционную национальную одежду
CJ268,R6M2Ed2Em1G1A2O3L1P1Ap1 / R6M2Ed2Em2G1A9O4L1P2Ap2,268,"Юго-Восточная Европа (Венгрия, Сербия, Болгария)","Юго-Восточная Европа (Венгрия, Сербия, Болгария)",Бегство от политических преследований,Бегство от политических преследований,Среднее (школа),Среднее (школа),Государственная организация,Небольшая частная компания,Женщина,Женщина,22,63,Строитель,Сфера услуг (общепит),Говорит плохо,Говорит плохо,Страна обычно голосует вместе с Россией в Генассамблее ООН,Страна обычно голосует вместе с США в Генассамблее ООН,В повседневной жизни носит обычную повседневную одежду,В повседневной жизни носит традиционную национальную одежду
CJ269,R5M4Ed3Em1G2A9O4L2P2Ap1 / R1M3Ed2Em2G1A1O3L1P2Ap1,269,"Средняя Азия (Узбекистан, Таджикистан, Кыргызстан)","Африка (Нигерия, ЮАР, Кения)",Поиск работы,"Воссоединение с супругом(ой), ранее приехавшим(ей) в Россию",Среднее специальное (колледж),Среднее (школа),Государственная организация,Небольшая частная компания,Мужчина,Женщина,63,21,Сфера услуг (общепит),Строитель,Говорит свободно,Говорит плохо,Страна обычно голосует вместе с США в Генассамблее ООН,Страна обычно голосует вместе с США в Генассамблее ООН,В повседневной жизни носит обычную повседневную одежду,В повседневной жизни носит обычную повседневную одежду
CJ270,R5M1Ed2Em2G1A5O2L1P1Ap2 / R3M3Ed1Em1G2A2O2L1P1Ap2,270,"Средняя Азия (Узбекистан, Таджикистан, Кыргызстан)","Восточная Европа (Беларусь, Молдова, Украина)",Бегство от вооружённого конфликта,"Воссоединение с супругом(ой), ранее приехавшим(ей) в Россию",Среднее (школа),Высшее (университет),Небольшая частная компания,Государственная организация,Женщина,Мужчина,46,22,Программист,Программист,Говорит плохо,Говорит плохо,Страна обычно голосует вместе с Россией в Генассамблее ООН,Страна обычно голосует вместе с Россией в Генассамблее ООН,В повседневной жизни носит традиционную национальную одежду,В повседневной жизни носит традиционную национальную одежду
CJ271,R2M4Ed2Em2G2A5O2L2P1Ap2 / R1M4Ed2Em1G2A1O2L1P2Ap1,271,"Восточная Азия (Китай, Южная Корея, Монголия)","Африка (Нигерия, ЮАР, Кения)",Поиск работы,Поиск работы,Среднее (школа),Среднее (школа),Небольшая частная компания,Государственная организация,Мужчина,Мужчина,46,21,Программист,Программист,Говорит свободно,Говорит плохо,Страна обычно голосует вместе с Россией в Генассамблее ООН,Страна обычно голосует вместе с США в Генассамблее ООН,В повседневной жизни носит традиционную национальную одежду,В повседневной жизни носит обычную повседневную одежду
CJ272,R1M3Ed2Em1G1A3O3L1P4Ap1 / R1M1Ed2Em1G1A9O4L2P2Ap1,272,"Африка (Нигерия, ЮАР, Кения)","Африка (Нигерия, ЮАР, Кения)","Воссоединение с супругом(ой), ранее приехавшим(ей) в Россию",Бегство от вооружённого конфликта,Среднее (школа),Среднее (школа),Государственная организация,Государственная организация,Женщина,Женщина,23,63,Строитель,Сфера услуг (общепит),Говорит плохо,Говорит свободно,Страна присоединилась к санкциям против России,Страна обычно голосует вместе с США в Генассамблее ООН,В повседневной жизни носит обычную повседневную одежду,В повседневной жизни носит обычную повседневную одежду
CJ273,R1M4Ed1Em2G1A2O4L1P1Ap1 / R7M2Ed1Em2G1A4O1L2P1Ap1,273,"Африка (Нигерия, ЮАР, Кения)","Южный Кавказ (Армения, Азербайджан, Грузия)",Поиск работы,Бегство от политических преследований,Высшее (университет),Высшее (университет),Небольшая частная компания,Небольшая частная компания,Женщина,Женщина,22,45,Сфера услуг (общепит),Врач,Говорит плохо,Говорит свободно,Страна обычно голосует вместе с Россией в Генассамблее ООН,Страна обычно голосует вместе с Россией в Генассамблее ООН,В повседневной жизни носит обычную повседневную одежду,В повседневной жизни носит обычную повседневную одежду
CJ274,R7M3Ed2Em1G1A1O2L1P2Ap2 / R7M3Ed3Em1G1A8O3L1P1Ap1,274,"Южный Кавказ (Армения, Азербайджан, Грузия)","Южный Кавказ (Армения, Азербайджан, Грузия)","Воссоединение с супругом(ой), ранее приехавшим(ей) в Россию","Воссоединение с супругом(ой), ранее приехавшим(ей) в Россию",Среднее (школа),Среднее специальное (колледж),Государственная организация,Государственная организация,Женщина,Женщина,21,62,Программист,Строитель,Говорит плохо,Говорит плохо,Страна обычно голосует вместе с США в Генассамблее ООН,Страна обычно голосует вместе с Россией в Генассамблее ООН,В повседневной жизни носит традиционную национальную одежду,В повседневной жизни носит обычную повседневную одежду
CJ275,R2M3Ed2Em1G1A9O4L1P3Ap2 / R2M2Ed2Em1G1A3O4L1P3Ap2,275,"Восточная Азия (Китай, Южная Корея, Монголия)","Восточная Азия (Китай, Южная Корея, Монголия)","Воссоединение с супругом(ой), ранее приехавшим(ей) в Россию",Бегство от политических преследований,Среднее (школа),Среднее (школа),Государственная организация,Государственная организация,Женщина,Женщина,63,23,Сфера услуг (общепит),Сфера услуг (общепит),Говорит плохо,Говорит плохо,Страна помогает России обходить санкции (параллельный экспорт),Страна помогает России обходить санкции (параллельный экспорт),В повседневной жизни носит традиционную национальную одежду,В повседневной жизни носит традиционную национальную одежду
CJ276,R7M3Ed3Em2G2A5O2L1P4Ap2 / R3M2Ed1Em1G2A2O4L1P4Ap2,276,"Южный Кавказ (Армения, Азербайджан, Грузия)","Восточная Европа (Беларусь, Молдова, Украина)","Воссоединение с супругом(ой), ранее приехавшим(ей) в Россию",Бегство от политических преследований,Среднее специальное (колледж),Высшее (университет),Небольшая частная компания,Государственная организация,Мужчина,Мужчина,46,22,Программист,Сфера услуг (общепит),Говорит плохо,Говорит плохо,Страна присоединилась к санкциям против России,Страна присоединилась к санкциям против России,В повседневной жизни носит традиционную национальную одежду,В повседневной жизни носит традиционную национальную одежду
CJ277,R6M3Ed1Em1G2A2O3L1P4Ap1 / R4M2Ed3Em1G2A8O3L2P4Ap1,277,"Юго-Восточная Европа (Венгрия, Сербия, Болгария)","Западная Европа (Германия, Франция, Италия)","Воссоединение с супругом(ой), ранее приехавшим(ей) в Россию",Бегство от политических преследований,Высшее (университет),Среднее специальное (колледж),Государственная организация,Государственная организация,Мужчина,Мужчина,22,62,Строитель,Строитель,Говорит плохо,Говорит свободно,Страна присоединилась к санкциям против России,Страна присоединилась к санкциям против России,В повседневной жизни носит обычную повседневную одежду,В повседневной жизни носит обычную повседневную одежду
CJ278,R1M3Ed3Em1G1A1O4L1P4Ap1 / R1M2Ed3Em1G2A2O3L1P2Ap1,278,"Африка (Нигерия, ЮАР, Кения)","Африка (Нигерия, ЮАР, Кения)","Воссоединение с супругом(ой), ранее приехавшим(ей) в Россию",Бегство от политических преследований,Среднее специальное (колледж),Среднее специальное (колледж),Государственная организация,Государственная организация,Женщина,Мужчина,21,22,Сфера услуг (общепит),Строитель,Говорит плохо,Говорит плохо,Страна присоединилась к санкциям против России,Страна обычно голосует вместе с США в Генассамблее ООН,В повседневной жизни носит обычную повседневную одежду,В повседневной жизни носит обычную повседневную одежду
CJ279,R6M2Ed3Em1G1A9O4L2P4Ap1 / R4M2Ed3Em1G1A3O2L2P1Ap1,279,"Юго-Восточная Европа (Венгрия, Сербия, Болгария)","Западная Европа (Германия, Франция, Италия)",Бегство от политических преследований,Бегство от политических преследований,Среднее специальное (колледж),Среднее специальное (колледж),Государственная организация,Государственная организация,Женщина,Женщина,63,23,Сфера услуг (общепит),Программист,Говорит свободно,Говорит свободно,Страна присоединилась к санкциям против России,Страна обычно голосует вместе с Россией в Генассамблее ООН,В повседневной жизни носит обычную повседневную одежду,В повседневной жизни носит обычную повседневную одежду
CJ280,R2M2Ed2Em1G1A6O2L1P3Ap1 / R1M3Ed2Em1G1A5O4L1P1Ap1,280,"Восточная Азия (Китай, Южная Корея, Монголия)","Африка (Нигерия, ЮАР, Кения)",Бегство от политических преследований,"Воссоединение с супругом(ой), ранее приехавшим(ей) в Россию",Среднее (школа),Среднее (школа),Государственная организация,Государственная организация,Женщина,Женщина,47,46,Программист,Сфера услуг (общепит),Говорит плохо,Говорит плохо,Страна помогает России обходить санкции (параллельный экспорт),Страна обычно голосует вместе с Россией в Генассамблее ООН,В повседневной жизни носит обычную повседневную одежду,В повседневной жизни носит обычную повседневную одежду
CJ281,R5M1Ed2Em2G1A3O2L2P1Ap2 / R4M2Ed3Em2G1A8O2L1P1Ap2,281,"Средняя Азия (Узбекистан, Таджикистан, Кыргызстан)","Западная Европа (Германия, Франция, Италия)",Бегство от вооружённого конфликта,Бегство от политических преследований,Среднее (школа),Среднее специальное (колледж),Небольшая частная компания,Небольшая частная компания,Женщина,Женщина,23,62,Программист,Программист,Говорит свободно,Говорит плохо,Страна обычно голосует вместе с Россией в Генассамблее ООН,Страна обычно голосует вместе с Россией в Генассамблее ООН,В повседневной жизни носит традиционную национальную одежду,В повседневной жизни носит традиционную национальную одежду
CJ282,R5M2Ed2Em2G1A5O4L2P2Ap1 / R1M4Ed2Em1G2A3O4L1P2Ap1,282,"Средняя Азия (Узбекистан, Таджикистан, Кыргызстан)","Африка (Нигерия, ЮАР, Кения)",Бегство от политических преследований,Поиск работы,Среднее (школа),Среднее (школа),Небольшая частная компания,Государственная организация,Женщина,Мужчина,46,23,Сфера услуг (общепит),Сфера услуг (общепит),Говорит свободно,Говорит плохо,Страна обычно голосует вместе с США в Генассамблее ООН,Страна обычно голосует вместе с США в Генассамблее ООН,В повседневной жизни носит обычную повседневную одежду,В повседневной жизни носит обычную повседневную одежду
CJ283,R7M1Ed1Em2G2A8O2L2P4Ap2 / R7M2Ed1Em1G2A1O2L2P3Ap2,283,"Южный Кавказ (Армения, Азербайджан, Грузия)","Южный Кавказ (Армения, Азербайджан, Грузия)",Бегство от вооружённого конфликта,Бегство от политических преследований,Высшее (университет),Высшее (университет),Небольшая частная компания,Государственная организация,Мужчина,Мужчина,62,21,Программист,Программист,Говорит свободно,Говорит свободно,Страна присоединилась к санкциям против России,Страна помогает России обходить санкции (параллельный экспорт),В повседневной жизни носит традиционную национальную одежду,В повседневной жизни носит традиционную национальную одежду
CJ284,R6M2Ed2Em2G1A6O2L2P1Ap1 / R4M2Ed3Em2G2A6O3L1P1Ap2,284,"Юго-Восточная Европа (Венгрия, Сербия, Болгария)","Западная Европа (Германия, Франция, Италия)",Бегство от политических преследований,Бегство от политических преследований,Среднее (школа),Среднее специальное (колледж),Небольшая частная компания,Небольшая частная компания,Женщина,Мужчина,47,47,Программист,Строитель,Говорит свободно,Говорит плохо,Страна обычно голосует вместе с Россией в Генассамблее ООН,Страна обычно голосует вместе с Россией в Генассамблее ООН,В повседневной жизни носит обычную повседневную одежду,В повседневной жизни носит традиционную национальную одежду
CJ285,R7M2Ed1Em1G2A2O3L1P1Ap2 / R4M4Ed1Em2G2A5O3L1P1Ap1,285,"Южный Кавказ (Армения, Азербайджан, Грузия)","Западная Европа (Германия, Франция, Италия)",Бегство от политических преследований,Поиск работы,Высшее (университет),Высшее (университет),Государственная организация,Небольшая частная компания,Мужчина,Мужчина,22,46,Строитель,Строитель,Говорит плохо,Говорит плохо,Страна обычно голосует вместе с Россией в Генассамблее ООН,Страна обычно голосует вместе с Россией в Генассамблее ООН,В повседневной жизни носит традиционную национальную одежду,В повседневной жизни носит обычную повседневную одежду
CJ286,R6M4Ed3Em1G1A6O2L2P4Ap2 / R6M1Ed1Em1G2A6O2L1P4Ap1,286,"Юго-Восточная Европа (Венгрия, Сербия, Болгария)","Юго-Восточная Европа (Венгрия, Сербия, Болгария)",Поиск работы,Бегство от вооружённого конфликта,Среднее специальное (колледж),Высшее (университет),Государственная организация,Государственная организация,Женщина,Мужчина,47,47,Программист,Программист,Говорит свободно,Говорит плохо,Страна присоединилась к санкциям против России,Страна присоединилась к санкциям против России,В повседневной жизни носит традиционную национальную одежду,В повседневной жизни носит обычную повседневную одежду
CJ287,R6M1Ed3Em2G1A9O4L2P4Ap1 / R6M2Ed2Em1G1A6O4L2P2Ap1,287,"Юго-Восточная Европа (Венгрия, Сербия, Болгария)","Юго-Восточная Европа (Венгрия, Сербия, Болгария)",Бегство от вооружённого конфликта,Бегство от политических преследований,Среднее специальное (колледж),Среднее (школа),Небольшая частная компания,Государственная организация,Женщина,Женщина,63,47,Сфера услуг (общепит),Сфера услуг (общепит),Говорит свободно,Говорит свободно,Страна присоединилась к санкциям против России,Страна обычно голосует вместе с США в Генассамблее ООН,В повседневной жизни носит обычную повседневную одежду,В повседневной жизни носит обычную повседневную одежду
CJ288,R5M1Ed1Em2G1A8O4L2P2Ap1 / R5M2Ed2Em2G1A7O4L1P1Ap2,288,"Средняя Азия (Узбекистан, Таджикистан, Кыргызстан)","Средняя Азия (Узбекистан, Таджикистан, Кыргызстан)",Бегство от вооружённого конфликта,Бегство от политических преследований,Высшее (университет),Среднее (школа),Небольшая частная компания,Небольшая частная компания,Женщина,Женщина,62,61,Сфера услуг (общепит),Сфера услуг (общепит),Говорит свободно,Говорит плохо,Страна обычно голосует вместе с США в Генассамблее ООН,Страна обычно голосует вместе с Россией в Генассамблее ООН,В повседневной жизни носит обычную повседневную одежду,В повседневной жизни носит традиционную национальную одежду
CJ289,R7M4Ed3Em1G2A8O4L2P3Ap2 / R7M1Ed1Em1G2A2O4L1P3Ap1,289,"Южный Кавказ (Армения, Азербайджан, Грузия)","Южный Кавказ (Армения, Азербайджан, Грузия)",Поиск работы,Бегство от вооружённого конфликта,Среднее специальное (колледж),Высшее (университет),Государственная организация,Государственная организация,Мужчина,Мужчина,62,22,Сфера услуг (общепит),Сфера услуг (общепит),Говорит свободно,Говорит плохо,Страна помогает России обходить санкции (параллельный экспорт),Страна помогает России обходить санкции (параллельный экспорт),В повседневной жизни носит традиционную национальную одежду,В повседневной жизни носит обычную повседневную одежду
CJ290,R5M3Ed2Em2G2A8O2L2P1Ap2 / R1M3Ed2Em2G2A7O4L1P2Ap2,290,"Средняя Азия (Узбекистан, Таджикистан, Кыргызстан)","Африка (Нигерия, ЮАР, Кения)","Воссоединение с супругом(ой), ранее приехавшим(ей) в Россию","Воссоединение с супругом(ой), ранее приехавшим(ей) в Россию",Среднее (школа),Среднее (школа),Небольшая частная компания,Небольшая частная компания,Мужчина,Мужчина,62,61,Программист,Сфера услуг (общепит),Говорит свободно,Говорит плохо,Страна обычно голосует вместе с Россией в Генассамблее ООН,Страна обычно голосует вместе с США в Генассамблее ООН,В повседневной жизни носит традиционную национальную одежду,В повседневной жизни носит традиционную национальную одежду
CJ291,R1M1Ed3Em1G1A2O3L1P1Ap2 / R1M1Ed1Em1G2A7O3L1P4Ap2,291,"Африка (Нигерия, ЮАР, Кения)","Африка (Нигерия, ЮАР, Кения)",Бегство от вооружённого конфликта,Бегство от вооружённого конфликта,Среднее специальное (колледж),Высшее (университет),Государственная организация,Государственная организация,Женщина,Мужчина,22,61,Строитель,Строитель,Говорит плохо,Говорит плохо,Страна обычно голосует вместе с Россией в Генассамблее ООН,Страна присоединилась к санкциям против России,В повседневной жизни носит традиционную национальную одежду,В повседневной жизни носит традиционную национальную одежду
CJ292,R6M1Ed2Em1G2A8O3L1P2Ap1 / R6M2Ed2Em1G1A2O3L1P4Ap1,292,"Юго-Восточная Европа (Венгрия, Сербия, Болгария)","Юго-Восточная Европа (Венгрия, Сербия, Болгария)",Бегство от вооружённого конфликта,Бегство от политических преследований,Среднее (школа),Среднее (школа),Государственная организация,Государственная организация,Мужчина,Женщина,62,22,Строитель,Строитель,Говорит плохо,Говорит плохо,Страна обычно голосует вместе с США в Генассамблее ООН,Страна присоединилась к санкциям против России,В повседневной жизни носит обычную повседневную одежду,В повседневной жизни носит обычную повседневную одежду
CJ293,R3M4Ed3Em2G2A9O4L2P4Ap2 / R3M4Ed3Em2G1A9O4L1P2Ap1,293,"Восточная Европа (Беларусь, Молдова, Украина)","Восточная Европа (Беларусь, Молдова, Украина)",Поиск работы,Поиск работы,Среднее специальное (колледж),Среднее специальное (колледж),Небольшая частная компания,Небольшая частная компания,Мужчина,Женщина,63,63,Сфера услуг (общепит),Сфера услуг (общепит),Говорит свободно,Говорит плохо,Страна присоединилась к санкциям против России,Страна обычно голосует вместе с США в Генассамблее ООН,В повседневной жизни носит традиционную национальную одежду,В повседневной жизни носит обычную повседневную одежду
CJ294,R2M3Ed2Em1G1A3O2L1P4Ap2 / R2M3Ed1Em1G1A7O2L1P4Ap1,294,"Восточная Азия (Китай, Южная Корея, Монголия)","Восточная Азия (Китай, Южная Корея, Монголия)","Воссоединение с супругом(ой), ранее приехавшим(ей) в Россию","Воссоединение с супругом(ой), ранее приехавшим(ей) в Россию",Среднее (школа),Высшее (университет),Государственная организация,Государственная организация,Женщина,Женщина,23,61,Программист,Программист,Говорит плохо,Говорит плохо,Страна присоединилась к санкциям против России,Страна присоединилась к санкциям против России,В повседневной жизни носит традиционную национальную одежду,В повседневной жизни носит обычную повседневную одежду
CJ295,R4M3Ed2Em1G2A5O4L1P2Ap1 / R4M3Ed1Em2G2A5O1L1P1Ap1,295,"Западная Европа (Германия, Франция, Италия)","Западная Европа (Германия, Франция, Италия)","Воссоединение с супругом(ой), ранее приехавшим(ей) в Россию","Воссоединение с супругом(ой), ранее приехавшим(ей) в Россию",Среднее (школа),Высшее (университет),Государственная организация,Небольшая частная компания,Мужчина,Мужчина,46,46,Сфера услуг (общепит),Врач,Говорит плохо,Говорит плохо,Страна обычно голосует вместе с США в Генассамблее ООН,Страна обычно голосует вместе с Россией в Генассамблее ООН,В повседневной жизни носит обычную повседневную одежду,В повседневной жизни носит обычную повседневную одежду
CJ296,R2M2Ed3Em2G2A1O2L1P4Ap2 / R4M2Ed3Em1G1A9O4L1P2Ap1,296,"Восточная Азия (Китай, Южная Корея, Монголия)","Западная Европа (Германия, Франция, Италия)",Бегство от политических преследований,Бегство от политических преследований,Среднее специальное (колледж),Среднее специальное (колледж),Небольшая частная компания,Государственная организация,Мужчина,Женщина,21,63,Программист,Сфера услуг (общепит),Говорит плохо,Говорит плохо,Страна присоединилась к санкциям против России,Страна обычно голосует вместе с США в Генассамблее ООН,В повседневной жизни носит традиционную национальную одежду,В повседневной жизни носит обычную повседневную одежду
CJ297,R4M4Ed3Em1G2A4O2L2P1Ap1 / R4M4Ed3Em1G1A8O2L2P4Ap1,297,"Западная Европа (Германия, Франция, Италия)","Западная Европа (Германия, Франция, Италия)",Поиск работы,Поиск работы,Среднее специальное (колледж),Среднее специальное (колледж),Государственная организация,Государственная организация,Мужчина,Женщина,45,62,Программист,Программист,Говорит свободно,Говорит свободно,Страна обычно голосует вместе с Россией в Генассамблее ООН,Страна присоединилась к санкциям против России,В повседневной жизни носит обычную повседневную одежду,В повседневной жизни носит обычную повседневную одежду
CJ298,R2M4Ed2Em1G2A7O4L2P4Ap2 / R7M1Ed2Em1G2A7O3L2P1Ap2,298,"Восточная Азия (Китай, Южная Корея, Монголия)","Южный Кавказ (Армения, Азербайджан, Грузия)",Поиск работы,Бегство от вооружённого конфликта,Среднее (школа),Среднее (школа),Государственная организация,Государственная организация,Мужчина,Мужчина,61,61,Сфера услуг (общепит),Строитель,Говорит свободно,Говорит свободно,Страна присоединилась к санкциям против России,Страна обычно голосует вместе с Россией в Генассамблее ООН,В повседневной жизни носит традиционную национальную одежду,В повседневной жизни носит традиционную национальную одежду
CJ299,R5M3Ed3Em1G1A3O4L1P1Ap1 / R5M1Ed3Em1G1A5O4L1P1Ap1,299,"Средняя Азия (Узбекистан, Таджикистан, Кыргызстан)","Средняя Азия (Узбекистан, Таджикистан, Кыргызстан)","Воссоединение с супругом(ой), ранее приехавшим(ей) в Россию",Бегство от вооружённого конфликта,Среднее специальное (колледж),Среднее специальное (колледж),Государственная организация,Государственная организация,Женщина,Женщина,23,46,Сфера услуг (общепит),Сфера услуг (общепит),Говорит плохо,Говорит плохо,Страна обычно голосует вместе с Россией в Генассамблее ООН,Страна обычно голосует вместе с Россией в Генассамблее ООН,В повседневной жизни носит обычную повседневную одежду,В повседневной жизни носит обычную повседневную одежду
CJ300,R4M3Ed1Em1G1A9O3L2P1Ap1 / R4M2Ed3Em1G1A6O3L1P1Ap1,300,"Западная Европа (Германия, Франция, Италия)","Западная Европа (Германия, Франция, Италия)","Воссоединение с супругом(ой), ранее приехавшим(ей) в Россию",Бегство от политических преследований,Высшее (университет),Среднее специальное (колледж),Государственная организация,Государственная организация,Женщина,Женщина,63,47,Строитель,Строитель,Говорит свободно,Говорит плохо,Страна обычно голосует вместе с Россией в Генассамблее ООН,Страна обычно голосует вместе с Россией в Генассамблее ООН,В повседневной жизни носит обычную повседневную одежду,В повседневной жизни носит обычную повседневную одежду
